-- --------------------------------------------------------
-- Hôte:                         127.0.0.1
-- Version du serveur:           8.1.0 - MySQL Community Server - GPL
-- SE du serveur:                Linux
-- HeidiSQL Version:             12.5.0.6677
-- --------------------------------------------------------

/*!40101 SET @OLD_CHARACTER_SET_CLIENT=@@CHARACTER_SET_CLIENT */;
/*!40101 SET NAMES utf8 */;
/*!50503 SET NAMES utf8mb4 */;
/*!40103 SET @OLD_TIME_ZONE=@@TIME_ZONE */;
/*!40103 SET TIME_ZONE='+00:00' */;
/*!40014 SET @OLD_FOREIGN_KEY_CHECKS=@@FOREIGN_KEY_CHECKS, FOREIGN_KEY_CHECKS=0 */;
/*!40101 SET @OLD_SQL_MODE=@@SQL_MODE, SQL_MODE='NO_AUTO_VALUE_ON_ZERO' */;
/*!40111 SET @OLD_SQL_NOTES=@@SQL_NOTES, SQL_NOTES=0 */;

-- Listage de la structure de la table village. activity
CREATE TABLE IF NOT EXISTS `activity` (
  `id` int NOT NULL AUTO_INCREMENT,
  `type` tinyint NOT NULL DEFAULT '0',
  `subType` tinyint DEFAULT NULL,
  `phase` tinyint NOT NULL DEFAULT '1',
  `status` tinyint NOT NULL DEFAULT '0',
  `createDate` datetime(6) NOT NULL DEFAULT CURRENT_TIMESTAMP(6),
  `updateDate` datetime(6) NOT NULL DEFAULT CURRENT_TIMESTAMP(6) ON UPDATE CURRENT_TIMESTAMP(6),
  `deleteDate` datetime(6) DEFAULT NULL,
  `data` json NOT NULL,
  `content` json NOT NULL,
  `userId` int NOT NULL,
  `villageId` int NOT NULL,
  `responseActivityId` int DEFAULT NULL,
  `responseType` tinyint DEFAULT NULL,
  `isPinned` tinyint NOT NULL DEFAULT '0',
  `displayAsUser` tinyint NOT NULL DEFAULT '0',
  `isVisibleToParent` tinyint NOT NULL DEFAULT '1',
  PRIMARY KEY (`id`),
  KEY `IDX_3571467bcbe021f66e2bdce96e` (`userId`),
  KEY `FK_cc60a5bb15f6d08a21e5b7ef27b` (`villageId`),
  KEY `FK_4913eed2cc74630efeba1114358` (`responseActivityId`),
  CONSTRAINT `FK_3571467bcbe021f66e2bdce96ea` FOREIGN KEY (`userId`) REFERENCES `user` (`id`) ON DELETE CASCADE,
  CONSTRAINT `FK_4913eed2cc74630efeba1114358` FOREIGN KEY (`responseActivityId`) REFERENCES `activity` (`id`) ON DELETE SET NULL,
  CONSTRAINT `FK_cc60a5bb15f6d08a21e5b7ef27b` FOREIGN KEY (`villageId`) REFERENCES `village` (`id`) ON DELETE CASCADE
) ENGINE=InnoDB AUTO_INCREMENT=17 DEFAULT CHARSET=utf8mb4 COLLATE=utf8mb4_unicode_ci;

-- Listage des données de la table village.activity : ~15 rows (environ)
REPLACE INTO `activity` (`id`, `type`, `subType`, `phase`, `status`, `createDate`, `updateDate`, `deleteDate`, `data`, `content`, `userId`, `villageId`, `responseActivityId`, `responseType`, `isPinned`, `displayAsUser`, `isVisibleToParent`) VALUES
	(1, 6, 0, 1, 0, '2023-10-07 20:28:56.191048', '2023-10-07 20:29:02.000000', NULL, '{"theme": 0, "draftUrl": "/indice-culturel/2"}', '[{"id": 0, "type": "text", "value": "<p>Paysage Fr A</p>\\n"}]', 2, 1, NULL, NULL, 0, 0, 1),
	(2, 6, 1, 1, 0, '2023-10-07 21:19:28.326123', '2023-10-07 21:19:31.000000', NULL, '{"theme": 0, "draftUrl": "/indice-culturel/2"}', '[{"id": 0, "type": "text", "value": "<p>Art Fr B</p>\\n"}]', 3, 1, NULL, NULL, 0, 0, 1),
	(3, 6, 2, 1, 0, '2023-10-07 21:26:20.749433', '2023-10-07 21:26:24.000000', NULL, '{"theme": 0, "draftUrl": "/indice-culturel/2"}', '[{"id": 0, "type": "text", "value": "<p>Lieu de vie Vn A&nbsp;</p>\\n"}]', 4, 1, NULL, NULL, 0, 0, 1),
	(4, 6, 3, 1, 0, '2023-10-07 21:29:09.533446', '2023-10-07 21:29:11.000000', NULL, '{"theme": 0, "draftUrl": "/indice-culturel/2"}', '[{"id": 0, "type": "text", "value": "<p>Langue Vn B</p>\\n"}]', 5, 1, NULL, NULL, 0, 0, 1),
	(5, 6, 4, 1, 0, '2023-10-07 21:31:08.237913', '2023-10-07 21:31:16.000000', NULL, '{"theme": 0, "draftUrl": "/indice-culturel/2"}', '[{"id": 0, "type": "text", "value": "<p>Flore et faune Ch A</p>\\n"}]', 6, 2, NULL, NULL, 0, 0, 1),
	(6, 2, 0, 2, 0, '2023-10-07 21:33:22.618009', '2023-10-07 21:34:05.000000', NULL, '{"name": "Un plat Suisse A", "history": "lorem ipsum", "draftUrl": "/lancer-un-defi/culinaire/2", "defiIndex": 0, "explanation": "lorem ipsum"}', '[{"id": 0, "type": "text", "value": "<p>Un plat Suisse A</p>\\n"}]', 6, 2, NULL, NULL, 0, 0, 1),
	(7, 6, 5, 1, 0, '2023-10-07 21:35:40.208561', '2023-10-07 21:35:50.000000', NULL, '{"theme": 0, "draftUrl": "/indice-culturel/2"}', '[{"id": 0, "type": "text", "value": "<p>Un loisir et jeu Suisse</p>\\n"}]', 7, 2, NULL, NULL, 0, 0, 1),
	(8, 2, 0, 2, 0, '2023-10-07 21:36:51.525734', '2023-10-07 21:37:08.000000', NULL, '{"name": "Un plat Suisse B ", "history": "lorem ipsum", "draftUrl": "/lancer-un-defi/culinaire/2", "defiIndex": 1, "explanation": "lorem ipsum"}', '[{"id": 0, "type": "text", "value": "<p>Un plat Suisse B</p>\\n"}]', 7, 2, NULL, NULL, 0, 0, 1),
	(9, 6, 6, 1, 0, '2023-10-07 21:39:51.566281', '2023-10-07 21:39:57.000000', NULL, '{"theme": 0, "draftUrl": "/indice-culturel/2"}', '[{"id": 0, "type": "text", "value": "<p>Une cuisine Portugaise A</p>\\n"}]', 8, 2, NULL, NULL, 0, 0, 1),
	(10, 2, 0, 2, 0, '2023-10-07 21:40:55.988065', '2023-10-07 21:41:12.000000', NULL, '{"name": "Un plat Portugais A", "history": "lorem ipsum", "draftUrl": "/lancer-un-defi/culinaire/2", "defiIndex": 0, "explanation": "lorem ipsum"}', '[{"id": 0, "type": "text", "value": "<p>Un plat Portugais</p>\\n"}]', 8, 2, NULL, NULL, 0, 0, 1),
	(11, 6, 7, 1, 0, '2023-10-07 21:42:19.751108', '2023-10-07 21:42:22.000000', NULL, '{"theme": 0, "draftUrl": "/indice-culturel/2"}', '[{"id": 0, "type": "text", "value": "<p>Une tradition Portugaise A</p>\\n"}]', 9, 2, NULL, NULL, 0, 0, 1),
	(12, 2, 2, 2, 0, '2023-10-07 21:45:15.013343', '2023-10-07 21:46:38.386307', NULL, '{"draftUrl": "/lancer-un-defi/linguistique/3", "language": "suisse alémanique; alémanique; alsacien", "defiIndex": 1, "themeName": "", "themeIndex": 2, "languageCode": "gsw", "languageIndex": 1, "explanationContentIndex": 1, "hasSelectedDefiNameOther": false, "hasSelectedThemeNameOther": false}', '[{"id": 0, "type": "text", "value": ""}, {"id": 2, "type": "text", "value": "<p>Une poésie Portugaise B</p>\\n"}]', 9, 2, NULL, NULL, 0, 0, 1),
	(14, 6, 0, 1, 0, '2023-10-07 21:49:26.681465', '2023-10-07 21:49:29.000000', NULL, '{"theme": 0, "draftUrl": "/indice-culturel/2"}', '[{"id": 0, "type": "text", "value": "<p>Un paysage Malien A</p>\\n"}]', 10, 3, NULL, NULL, 0, 0, 1),
	(15, 2, 0, 2, 0, '2023-10-07 21:50:02.200064', '2023-10-07 21:50:20.000000', NULL, '{"name": "Un plat Malien A", "history": "lorem ipsum", "draftUrl": "/lancer-un-defi/culinaire/2", "defiIndex": 0, "explanation": "lorem ipsum"}', '[{"id": 0, "type": "text", "value": "<p>Un plat Malien A</p>\\n"}]', 10, 3, NULL, NULL, 0, 0, 1),
	(16, 13, NULL, 3, 1, '2023-10-07 21:51:04.918341', '2023-10-07 21:51:51.000000', NULL, '{"odd": {"imageId": 0, "imageUrl": "", "description": "ODD 15 : Vie terrestre", "inspiredStoryId": 0}, "tale": {"tale": "lorem ipsum", "imageId": 0, "imageStory": ""}, "place": {"imageId": 0, "imageUrl": "", "description": "un lieu extraordinaire", "inspiredStoryId": 0}, "object": {"imageId": 0, "imageUrl": "", "description": "un objet magique", "inspiredStoryId": 0}, "draftUrl": "/creer-une-histoire/4", "isOriginal": false}', '[{"id": 0, "type": "text", "value": ""}]', 10, 3, NULL, NULL, 0, 0, 1);

-- Listage de la structure de la table village. analytic_page_view
CREATE TABLE IF NOT EXISTS `analytic_page_view` (
  `id` int NOT NULL AUTO_INCREMENT,
  `sessionId` varchar(36) CHARACTER SET utf8mb4 COLLATE utf8mb4_unicode_ci NOT NULL,
  `date` datetime NOT NULL,
  `page` varchar(255) CHARACTER SET utf8mb4 COLLATE utf8mb4_unicode_ci NOT NULL,
  `referrer` varchar(255) CHARACTER SET utf8mb4 COLLATE utf8mb4_unicode_ci DEFAULT NULL,
  PRIMARY KEY (`id`),
  KEY `FK_f60b860e3691b49e597854bc284` (`sessionId`),
  CONSTRAINT `FK_f60b860e3691b49e597854bc284` FOREIGN KEY (`sessionId`) REFERENCES `analytic_session` (`id`) ON DELETE CASCADE
) ENGINE=InnoDB AUTO_INCREMENT=473 DEFAULT CHARSET=utf8mb4 COLLATE=utf8mb4_unicode_ci;

-- Listage des données de la table village.analytic_page_view : ~285 rows (environ)
REPLACE INTO `analytic_page_view` (`id`, `sessionId`, `date`, `page`, `referrer`) VALUES
	(1, '0b6e9132-2161-483a-ac99-345f00cf991a', '2023-10-07 19:11:09', '/', NULL),
	(2, '0b6e9132-2161-483a-ac99-345f00cf991a', '2023-10-07 19:11:12', '/connexion', NULL),
	(3, '9c5167e6-17e0-4d5d-a1f8-33edc77efd47', '2023-10-07 19:12:10', '/connexion', NULL),
	(4, 'aba6371d-1b04-4249-9ab6-74f604f9be30', '2023-10-07 19:12:49', '/connexion', NULL),
	(5, '5dab1776-52a2-4489-a920-67d763f66384', '2023-10-07 19:13:21', '/connexion', NULL),
	(6, '5dab1776-52a2-4489-a920-67d763f66384', '2023-10-07 19:14:06', '/', NULL),
	(7, '5dab1776-52a2-4489-a920-67d763f66384', '2023-10-07 19:14:14', '/admin/villages', NULL),
	(8, '5dab1776-52a2-4489-a920-67d763f66384', '2023-10-07 19:14:21', '/admin/villages/new', NULL),
	(9, '5dab1776-52a2-4489-a920-67d763f66384', '2023-10-07 19:15:14', '/admin/villages', NULL),
	(10, '5dab1776-52a2-4489-a920-67d763f66384', '2023-10-07 19:15:19', '/admin/villages/edit/1', NULL),
	(11, '5dab1776-52a2-4489-a920-67d763f66384', '2023-10-07 19:15:30', '/admin/villages', NULL),
	(12, '5dab1776-52a2-4489-a920-67d763f66384', '2023-10-07 19:15:36', '/admin/villages/new', NULL),
	(13, '5dab1776-52a2-4489-a920-67d763f66384', '2023-10-07 19:16:12', '/admin/villages', NULL),
	(14, '5dab1776-52a2-4489-a920-67d763f66384', '2023-10-07 19:16:22', '/admin/villages/edit/2', NULL),
	(15, '5dab1776-52a2-4489-a920-67d763f66384', '2023-10-07 19:16:25', '/admin/villages', NULL),
	(16, '5dab1776-52a2-4489-a920-67d763f66384', '2023-10-07 19:16:27', '/admin/villages/new', NULL),
	(17, '5dab1776-52a2-4489-a920-67d763f66384', '2023-10-07 19:17:06', '/admin/villages', NULL),
	(18, '5dab1776-52a2-4489-a920-67d763f66384', '2023-10-07 19:17:36', '/admin/users', NULL),
	(19, '5dab1776-52a2-4489-a920-67d763f66384', '2023-10-07 19:17:42', '/admin/users/new', NULL),
	(20, '5dab1776-52a2-4489-a920-67d763f66384', '2023-10-07 19:19:20', '/admin/users', NULL),
	(21, '2cc55bf5-cc89-4e72-b9a9-69f04c1f0d2f', '2023-10-07 19:20:57', '/admin/users', NULL),
	(22, '2cc55bf5-cc89-4e72-b9a9-69f04c1f0d2f', '2023-10-07 19:21:05', '/admin/users/new', NULL),
	(23, '40991687-ad76-4c8c-bded-d9fc6b449afc', '2023-10-07 19:22:55', '/admin/users/new', NULL),
	(24, '40991687-ad76-4c8c-bded-d9fc6b449afc', '2023-10-07 19:23:49', '/admin/users', NULL),
	(25, '40991687-ad76-4c8c-bded-d9fc6b449afc', '2023-10-07 19:25:44', '/admin/users/new', NULL),
	(26, '40991687-ad76-4c8c-bded-d9fc6b449afc', '2023-10-07 19:27:03', '/admin/users', NULL),
	(27, '40991687-ad76-4c8c-bded-d9fc6b449afc', '2023-10-07 19:28:52', '/admin/users/new', NULL),
	(28, '40991687-ad76-4c8c-bded-d9fc6b449afc', '2023-10-07 19:30:30', '/admin/users', NULL),
	(29, '40991687-ad76-4c8c-bded-d9fc6b449afc', '2023-10-07 19:32:00', '/admin/users/new', NULL),
	(30, '40991687-ad76-4c8c-bded-d9fc6b449afc', '2023-10-07 19:33:08', '/admin/users', NULL),
	(31, '40991687-ad76-4c8c-bded-d9fc6b449afc', '2023-10-07 19:35:30', '/admin/users/new', NULL),
	(32, '40991687-ad76-4c8c-bded-d9fc6b449afc', '2023-10-07 19:36:37', '/admin/users', NULL),
	(33, 'd3c26d79-77f0-475a-9bea-bd04055aac9e', '2023-10-07 19:46:15', '/admin/users', NULL),
	(34, '298d3652-8ba4-4c6b-a262-b5f6f5942466', '2023-10-07 19:48:00', '/admin/users', NULL),
	(35, '298d3652-8ba4-4c6b-a262-b5f6f5942466', '2023-10-07 20:18:37', '/', NULL),
	(36, '298d3652-8ba4-4c6b-a262-b5f6f5942466', '2023-10-07 20:18:40', '/', NULL),
	(37, '298d3652-8ba4-4c6b-a262-b5f6f5942466', '2023-10-07 20:18:42', '/connexion', NULL),
	(38, 'b1d1f483-7882-4c1c-ab27-ff29d5ef6ecd', '2023-10-07 20:19:18', '/connexion', NULL),
	(39, 'be4a1d0e-a031-46fc-bbb3-74041a0bf7bb', '2023-10-07 20:20:31', '/', NULL),
	(40, 'be4a1d0e-a031-46fc-bbb3-74041a0bf7bb', '2023-10-07 20:20:33', '/connexion', NULL),
	(41, '5747f68a-1b7c-4c90-8daa-7f2ff1e78a08', '2023-10-07 20:21:14', '/connexion', NULL),
	(42, '84b39f52-4f61-44d5-98b3-c33a068c3282', '2023-10-07 20:21:59', '/connexion', NULL),
	(43, '84b39f52-4f61-44d5-98b3-c33a068c3282', '2023-10-07 20:23:13', '/', NULL),
	(44, '84b39f52-4f61-44d5-98b3-c33a068c3282', '2023-10-07 20:23:30', '/', NULL),
	(45, '84b39f52-4f61-44d5-98b3-c33a068c3282', '2023-10-07 20:23:52', '/', NULL),
	(46, '84b39f52-4f61-44d5-98b3-c33a068c3282', '2023-10-07 20:23:54', '/connexion', NULL),
	(47, 'da8ab0c0-fd4c-442d-8481-6c18b1ddee70', '2023-10-07 20:24:28', '/connexion', NULL),
	(48, 'da8ab0c0-fd4c-442d-8481-6c18b1ddee70', '2023-10-07 20:25:05', '/', NULL),
	(49, 'da8ab0c0-fd4c-442d-8481-6c18b1ddee70', '2023-10-07 20:25:35', '/ma-classe', NULL),
	(50, 'da8ab0c0-fd4c-442d-8481-6c18b1ddee70', '2023-10-07 20:25:43', '/indice-culturel', NULL),
	(51, 'da8ab0c0-fd4c-442d-8481-6c18b1ddee70', '2023-10-07 20:25:45', '/ma-classe', NULL),
	(52, 'da8ab0c0-fd4c-442d-8481-6c18b1ddee70', '2023-10-07 20:25:49', '/indice-culturel', NULL),
	(53, 'da8ab0c0-fd4c-442d-8481-6c18b1ddee70', '2023-10-07 20:28:22', '/indice-culturel/1', NULL),
	(54, 'da8ab0c0-fd4c-442d-8481-6c18b1ddee70', '2023-10-07 20:28:37', '/indice-culturel/2', NULL),
	(55, 'da8ab0c0-fd4c-442d-8481-6c18b1ddee70', '2023-10-07 20:28:59', '/indice-culturel/3', NULL),
	(56, 'da8ab0c0-fd4c-442d-8481-6c18b1ddee70', '2023-10-07 20:29:04', '/indice-culturel/success', NULL),
	(57, 'da8ab0c0-fd4c-442d-8481-6c18b1ddee70', '2023-10-07 20:29:09', '/', NULL),
	(58, 'da8ab0c0-fd4c-442d-8481-6c18b1ddee70', '2023-10-07 21:13:15', '/', NULL),
	(59, 'da8ab0c0-fd4c-442d-8481-6c18b1ddee70', '2023-10-07 21:13:24', '/connexion', NULL),
	(60, 'da8ab0c0-fd4c-442d-8481-6c18b1ddee70', '2023-10-07 21:14:25', '/', NULL),
	(61, 'da8ab0c0-fd4c-442d-8481-6c18b1ddee70', '2023-10-07 21:14:31', '/', NULL),
	(62, 'da8ab0c0-fd4c-442d-8481-6c18b1ddee70', '2023-10-07 21:14:33', '/connexion', NULL),
	(63, '1ed2583d-ffec-44ba-a23d-d35596b48c79', '2023-10-07 21:15:16', '/connexion', NULL),
	(64, '1ed2583d-ffec-44ba-a23d-d35596b48c79', '2023-10-07 21:16:19', '/', NULL),
	(65, '1ed2583d-ffec-44ba-a23d-d35596b48c79', '2023-10-07 21:16:38', '/admin/villages', NULL),
	(66, '1ed2583d-ffec-44ba-a23d-d35596b48c79', '2023-10-07 21:16:58', '/admin/featureFlag', NULL),
	(67, '1ed2583d-ffec-44ba-a23d-d35596b48c79', '2023-10-07 21:17:44', '/', NULL),
	(68, '1ed2583d-ffec-44ba-a23d-d35596b48c79', '2023-10-07 21:17:45', '/admin/villages', NULL),
	(69, '1ed2583d-ffec-44ba-a23d-d35596b48c79', '2023-10-07 21:17:47', '/admin/featureFlag', NULL),
	(70, '1ed2583d-ffec-44ba-a23d-d35596b48c79', '2023-10-07 21:17:50', '/admin/users', NULL),
	(71, '1ed2583d-ffec-44ba-a23d-d35596b48c79', '2023-10-07 21:17:51', '/admin/featureFlag', NULL),
	(72, '1ed2583d-ffec-44ba-a23d-d35596b48c79', '2023-10-07 21:17:56', '/', NULL),
	(73, '1ed2583d-ffec-44ba-a23d-d35596b48c79', '2023-10-07 21:17:58', '/admin/villages', NULL),
	(74, '1ed2583d-ffec-44ba-a23d-d35596b48c79', '2023-10-07 21:18:00', '/admin/users', NULL),
	(75, '1ed2583d-ffec-44ba-a23d-d35596b48c79', '2023-10-07 21:18:17', '/', NULL),
	(76, '1ed2583d-ffec-44ba-a23d-d35596b48c79', '2023-10-07 21:18:23', '/', NULL),
	(77, '1ed2583d-ffec-44ba-a23d-d35596b48c79', '2023-10-07 21:18:25', '/connexion', NULL),
	(78, '1ed2583d-ffec-44ba-a23d-d35596b48c79', '2023-10-07 21:18:40', '/', NULL),
	(79, '1ed2583d-ffec-44ba-a23d-d35596b48c79', '2023-10-07 21:18:56', '/mon-compte', NULL),
	(80, '1ed2583d-ffec-44ba-a23d-d35596b48c79', '2023-10-07 21:19:04', '/indice-culturel', NULL),
	(81, '1ed2583d-ffec-44ba-a23d-d35596b48c79', '2023-10-07 21:19:09', '/', NULL),
	(82, '1ed2583d-ffec-44ba-a23d-d35596b48c79', '2023-10-07 21:19:13', '/indice-culturel', NULL),
	(83, '1ed2583d-ffec-44ba-a23d-d35596b48c79', '2023-10-07 21:19:15', '/indice-culturel/1', NULL),
	(84, '1ed2583d-ffec-44ba-a23d-d35596b48c79', '2023-10-07 21:19:22', '/indice-culturel/2', NULL),
	(85, '1ed2583d-ffec-44ba-a23d-d35596b48c79', '2023-10-07 21:19:30', '/indice-culturel/3', NULL),
	(86, '1ed2583d-ffec-44ba-a23d-d35596b48c79', '2023-10-07 21:19:34', '/indice-culturel/success', NULL),
	(87, '1ed2583d-ffec-44ba-a23d-d35596b48c79', '2023-10-07 21:19:37', '/', NULL),
	(88, '1ed2583d-ffec-44ba-a23d-d35596b48c79', '2023-10-07 21:19:59', '/', NULL),
	(89, '1ed2583d-ffec-44ba-a23d-d35596b48c79', '2023-10-07 21:20:02', '/connexion', NULL),
	(90, '1ed2583d-ffec-44ba-a23d-d35596b48c79', '2023-10-07 21:21:05', '/', NULL),
	(91, '1ed2583d-ffec-44ba-a23d-d35596b48c79', '2023-10-07 21:21:11', '/', NULL),
	(92, '1ed2583d-ffec-44ba-a23d-d35596b48c79', '2023-10-07 21:21:13', '/connexion', NULL),
	(93, '629f2d1e-22fa-4819-911d-2746ed79b16c', '2023-10-07 21:22:57', '/connexion', NULL),
	(94, 'f10e4e4d-6c1f-4458-9ffb-5d0d27966b57', '2023-10-07 21:23:37', '/connexion', NULL),
	(95, '69b8d882-9ee8-4fb6-b66a-0a113c6b1652', '2023-10-07 21:24:03', '/connexion', NULL),
	(96, 'a2b58f23-3c5c-47f1-ad5a-dff56b893e40', '2023-10-07 21:24:34', '/connexion', NULL),
	(97, 'a00c1e25-0a66-481b-b613-711bad582591', '2023-10-07 21:25:10', '/connexion', NULL),
	(98, 'a00c1e25-0a66-481b-b613-711bad582591', '2023-10-07 21:25:31', '/', NULL),
	(99, 'a00c1e25-0a66-481b-b613-711bad582591', '2023-10-07 21:25:51', '/indice-culturel', NULL),
	(100, 'a00c1e25-0a66-481b-b613-711bad582591', '2023-10-07 21:25:54', '/indice-culturel/1', NULL),
	(101, 'a00c1e25-0a66-481b-b613-711bad582591', '2023-10-07 21:26:05', '/indice-culturel/2', NULL),
	(102, 'a00c1e25-0a66-481b-b613-711bad582591', '2023-10-07 21:26:23', '/indice-culturel/3', NULL),
	(103, 'a00c1e25-0a66-481b-b613-711bad582591', '2023-10-07 21:26:26', '/indice-culturel/success', NULL),
	(104, 'a00c1e25-0a66-481b-b613-711bad582591', '2023-10-07 21:26:28', '/', NULL),
	(105, 'a00c1e25-0a66-481b-b613-711bad582591', '2023-10-07 21:26:33', '/', NULL),
	(106, 'a00c1e25-0a66-481b-b613-711bad582591', '2023-10-07 21:26:36', '/connexion', NULL),
	(107, '5168bbe3-b5af-4f98-92d2-2ec4c9241200', '2023-10-07 21:28:07', '/', NULL),
	(108, '1d731525-b2d0-4fd3-89f5-783d37d9925c', '2023-10-07 21:28:10', '/', NULL),
	(109, '1d731525-b2d0-4fd3-89f5-783d37d9925c', '2023-10-07 21:28:11', '/connexion', NULL),
	(110, '1d731525-b2d0-4fd3-89f5-783d37d9925c', '2023-10-07 21:28:24', '/', NULL),
	(111, '1d731525-b2d0-4fd3-89f5-783d37d9925c', '2023-10-07 21:28:57', '/indice-culturel', NULL),
	(112, '1d731525-b2d0-4fd3-89f5-783d37d9925c', '2023-10-07 21:28:59', '/indice-culturel/1', NULL),
	(113, '1d731525-b2d0-4fd3-89f5-783d37d9925c', '2023-10-07 21:29:01', '/indice-culturel/2', NULL),
	(114, '1d731525-b2d0-4fd3-89f5-783d37d9925c', '2023-10-07 21:29:10', '/indice-culturel/3', NULL),
	(115, '1d731525-b2d0-4fd3-89f5-783d37d9925c', '2023-10-07 21:29:13', '/indice-culturel/success', NULL),
	(116, '1d731525-b2d0-4fd3-89f5-783d37d9925c', '2023-10-07 21:29:14', '/', NULL),
	(117, '1d731525-b2d0-4fd3-89f5-783d37d9925c', '2023-10-07 21:29:37', '/familles/1', NULL),
	(118, '1d731525-b2d0-4fd3-89f5-783d37d9925c', '2023-10-07 21:29:46', '/', NULL),
	(119, '1d731525-b2d0-4fd3-89f5-783d37d9925c', '2023-10-07 21:29:46', '/', NULL),
	(120, '1d731525-b2d0-4fd3-89f5-783d37d9925c', '2023-10-07 21:29:47', '/404', NULL),
	(121, '1d731525-b2d0-4fd3-89f5-783d37d9925c', '2023-10-07 21:29:47', '/', NULL),
	(122, '1d731525-b2d0-4fd3-89f5-783d37d9925c', '2023-10-07 21:29:49', '/connexion', NULL),
	(123, '1d731525-b2d0-4fd3-89f5-783d37d9925c', '2023-10-07 21:30:34', '/', NULL),
	(124, '1d731525-b2d0-4fd3-89f5-783d37d9925c', '2023-10-07 21:30:46', '/indice-culturel', NULL),
	(125, '1d731525-b2d0-4fd3-89f5-783d37d9925c', '2023-10-07 21:30:54', '/indice-culturel/1', NULL),
	(126, '1d731525-b2d0-4fd3-89f5-783d37d9925c', '2023-10-07 21:30:59', '/indice-culturel/2', NULL),
	(127, '1d731525-b2d0-4fd3-89f5-783d37d9925c', '2023-10-07 21:31:09', '/indice-culturel/3', NULL),
	(128, '1d731525-b2d0-4fd3-89f5-783d37d9925c', '2023-10-07 21:31:17', '/indice-culturel/success', NULL),
	(129, '1d731525-b2d0-4fd3-89f5-783d37d9925c', '2023-10-07 21:31:20', '/', NULL),
	(130, '1d731525-b2d0-4fd3-89f5-783d37d9925c', '2023-10-07 21:31:54', '/realiser-un-reportage', NULL),
	(131, '1d731525-b2d0-4fd3-89f5-783d37d9925c', '2023-10-07 21:32:03', '/lancer-un-defi', NULL),
	(132, '1d731525-b2d0-4fd3-89f5-783d37d9925c', '2023-10-07 21:32:14', '/lancer-un-defi/linguistique/1', NULL),
	(133, '1d731525-b2d0-4fd3-89f5-783d37d9925c', '2023-10-07 21:32:42', '/creer-une-enigme', NULL),
	(134, '1d731525-b2d0-4fd3-89f5-783d37d9925c', '2023-10-07 21:32:43', '/lancer-un-defi', NULL),
	(135, '1d731525-b2d0-4fd3-89f5-783d37d9925c', '2023-10-07 21:32:46', '/lancer-un-defi/culinaire/1', NULL),
	(136, '1d731525-b2d0-4fd3-89f5-783d37d9925c', '2023-10-07 21:33:24', '/lancer-un-defi/culinaire/2', NULL),
	(137, '1d731525-b2d0-4fd3-89f5-783d37d9925c', '2023-10-07 21:33:39', '/lancer-un-defi/culinaire/1', NULL),
	(138, '1d731525-b2d0-4fd3-89f5-783d37d9925c', '2023-10-07 21:33:45', '/lancer-un-defi/culinaire/2', NULL),
	(139, '1d731525-b2d0-4fd3-89f5-783d37d9925c', '2023-10-07 21:33:51', '/lancer-un-defi/culinaire/3', NULL),
	(140, '1d731525-b2d0-4fd3-89f5-783d37d9925c', '2023-10-07 21:34:01', '/lancer-un-defi/culinaire/4', NULL),
	(141, '1d731525-b2d0-4fd3-89f5-783d37d9925c', '2023-10-07 21:34:07', '/lancer-un-defi/success', NULL),
	(142, '1d731525-b2d0-4fd3-89f5-783d37d9925c', '2023-10-07 21:34:15', '/', NULL),
	(143, '1d731525-b2d0-4fd3-89f5-783d37d9925c', '2023-10-07 21:34:42', '/', NULL),
	(144, '1d731525-b2d0-4fd3-89f5-783d37d9925c', '2023-10-07 21:34:44', '/connexion', NULL),
	(145, '1d731525-b2d0-4fd3-89f5-783d37d9925c', '2023-10-07 21:35:09', '/', NULL),
	(146, '1d731525-b2d0-4fd3-89f5-783d37d9925c', '2023-10-07 21:35:16', '/indice-culturel', NULL),
	(147, '1d731525-b2d0-4fd3-89f5-783d37d9925c', '2023-10-07 21:35:19', '/indice-culturel/1', NULL),
	(148, '1d731525-b2d0-4fd3-89f5-783d37d9925c', '2023-10-07 21:35:27', '/indice-culturel/2', NULL),
	(149, '1d731525-b2d0-4fd3-89f5-783d37d9925c', '2023-10-07 21:35:41', '/indice-culturel/3', NULL),
	(150, '1d731525-b2d0-4fd3-89f5-783d37d9925c', '2023-10-07 21:35:52', '/indice-culturel/success', NULL),
	(151, '1d731525-b2d0-4fd3-89f5-783d37d9925c', '2023-10-07 21:35:54', '/', NULL),
	(152, '1d731525-b2d0-4fd3-89f5-783d37d9925c', '2023-10-07 21:36:22', '/lancer-un-defi', NULL),
	(153, '1d731525-b2d0-4fd3-89f5-783d37d9925c', '2023-10-07 21:36:24', '/lancer-un-defi/culinaire/1', NULL),
	(154, '1d731525-b2d0-4fd3-89f5-783d37d9925c', '2023-10-07 21:36:53', '/lancer-un-defi/culinaire/2', NULL),
	(155, '1d731525-b2d0-4fd3-89f5-783d37d9925c', '2023-10-07 21:37:03', '/lancer-un-defi/culinaire/3', NULL),
	(156, '1d731525-b2d0-4fd3-89f5-783d37d9925c', '2023-10-07 21:37:07', '/lancer-un-defi/culinaire/4', NULL),
	(157, '1d731525-b2d0-4fd3-89f5-783d37d9925c', '2023-10-07 21:37:10', '/lancer-un-defi/success', NULL),
	(158, '1d731525-b2d0-4fd3-89f5-783d37d9925c', '2023-10-07 21:37:12', '/', NULL),
	(159, '1d731525-b2d0-4fd3-89f5-783d37d9925c', '2023-10-07 21:37:43', '/', NULL),
	(160, '1d731525-b2d0-4fd3-89f5-783d37d9925c', '2023-10-07 21:37:45', '/connexion', NULL),
	(161, '705a71e0-971b-4aa3-aeb0-1648061794f3', '2023-10-07 21:38:51', '/connexion', NULL),
	(162, '705a71e0-971b-4aa3-aeb0-1648061794f3', '2023-10-07 21:39:15', '/', NULL),
	(163, '705a71e0-971b-4aa3-aeb0-1648061794f3', '2023-10-07 21:39:28', '/indice-culturel', NULL),
	(164, '705a71e0-971b-4aa3-aeb0-1648061794f3', '2023-10-07 21:39:34', '/indice-culturel/1', NULL),
	(165, '705a71e0-971b-4aa3-aeb0-1648061794f3', '2023-10-07 21:39:37', '/indice-culturel/2', NULL),
	(166, '705a71e0-971b-4aa3-aeb0-1648061794f3', '2023-10-07 21:39:52', '/indice-culturel/3', NULL),
	(167, '705a71e0-971b-4aa3-aeb0-1648061794f3', '2023-10-07 21:39:59', '/indice-culturel/success', NULL),
	(168, '705a71e0-971b-4aa3-aeb0-1648061794f3', '2023-10-07 21:40:01', '/', NULL),
	(169, '705a71e0-971b-4aa3-aeb0-1648061794f3', '2023-10-07 21:40:19', '/lancer-un-defi', NULL),
	(170, '705a71e0-971b-4aa3-aeb0-1648061794f3', '2023-10-07 21:40:26', '/lancer-un-defi/culinaire/1', NULL),
	(171, '705a71e0-971b-4aa3-aeb0-1648061794f3', '2023-10-07 21:40:57', '/lancer-un-defi/culinaire/2', NULL),
	(172, '705a71e0-971b-4aa3-aeb0-1648061794f3', '2023-10-07 21:41:06', '/lancer-un-defi/culinaire/3', NULL),
	(173, '705a71e0-971b-4aa3-aeb0-1648061794f3', '2023-10-07 21:41:10', '/lancer-un-defi/culinaire/4', NULL),
	(174, '705a71e0-971b-4aa3-aeb0-1648061794f3', '2023-10-07 21:41:14', '/lancer-un-defi/success', NULL),
	(175, '705a71e0-971b-4aa3-aeb0-1648061794f3', '2023-10-07 21:41:16', '/', NULL),
	(176, '705a71e0-971b-4aa3-aeb0-1648061794f3', '2023-10-07 21:41:19', '/', NULL),
	(177, '705a71e0-971b-4aa3-aeb0-1648061794f3', '2023-10-07 21:41:36', '/connexion', NULL),
	(178, '705a71e0-971b-4aa3-aeb0-1648061794f3', '2023-10-07 21:41:53', '/', NULL),
	(179, '705a71e0-971b-4aa3-aeb0-1648061794f3', '2023-10-07 21:42:04', '/indice-culturel', NULL),
	(180, '705a71e0-971b-4aa3-aeb0-1648061794f3', '2023-10-07 21:42:07', '/indice-culturel/1', NULL),
	(181, '705a71e0-971b-4aa3-aeb0-1648061794f3', '2023-10-07 21:42:09', '/indice-culturel/2', NULL),
	(182, '705a71e0-971b-4aa3-aeb0-1648061794f3', '2023-10-07 21:42:21', '/indice-culturel/3', NULL),
	(183, '705a71e0-971b-4aa3-aeb0-1648061794f3', '2023-10-07 21:42:24', '/indice-culturel/success', NULL),
	(184, '705a71e0-971b-4aa3-aeb0-1648061794f3', '2023-10-07 21:42:27', '/', NULL),
	(185, '705a71e0-971b-4aa3-aeb0-1648061794f3', '2023-10-07 21:42:46', '/lancer-un-defi', NULL),
	(186, '705a71e0-971b-4aa3-aeb0-1648061794f3', '2023-10-07 21:43:00', '/lancer-un-defi/ecologique/1', NULL),
	(187, '705a71e0-971b-4aa3-aeb0-1648061794f3', '2023-10-07 21:43:12', '/lancer-un-defi/ecologique/2', NULL),
	(188, '705a71e0-971b-4aa3-aeb0-1648061794f3', '2023-10-07 21:43:16', '/lancer-un-defi/ecologique/1', NULL),
	(189, '705a71e0-971b-4aa3-aeb0-1648061794f3', '2023-10-07 21:43:47', '/lancer-un-defi/ecologique/2', NULL),
	(190, '705a71e0-971b-4aa3-aeb0-1648061794f3', '2023-10-07 21:44:24', '/lancer-un-defi/ecologique/3', NULL),
	(191, '705a71e0-971b-4aa3-aeb0-1648061794f3', '2023-10-07 21:44:35', '/lancer-un-defi/ecologique/4', NULL),
	(192, '705a71e0-971b-4aa3-aeb0-1648061794f3', '2023-10-07 21:44:43', '/lancer-un-defi/ecologique/1', NULL),
	(193, '705a71e0-971b-4aa3-aeb0-1648061794f3', '2023-10-07 21:44:47', '/lancer-un-defi', NULL),
	(194, '705a71e0-971b-4aa3-aeb0-1648061794f3', '2023-10-07 21:44:59', '/lancer-un-defi/linguistique/1', NULL),
	(195, '705a71e0-971b-4aa3-aeb0-1648061794f3', '2023-10-07 21:45:16', '/lancer-un-defi/linguistique/2', NULL),
	(196, '705a71e0-971b-4aa3-aeb0-1648061794f3', '2023-10-07 21:45:24', '/lancer-un-defi/linguistique/3', NULL),
	(197, '705a71e0-971b-4aa3-aeb0-1648061794f3', '2023-10-07 21:45:38', '/lancer-un-defi/linguistique/4', NULL),
	(198, '705a71e0-971b-4aa3-aeb0-1648061794f3', '2023-10-07 21:45:49', '/lancer-un-defi/linguistique/5', NULL),
	(199, '705a71e0-971b-4aa3-aeb0-1648061794f3', '2023-10-07 21:45:52', '/lancer-un-defi/success', NULL),
	(200, '705a71e0-971b-4aa3-aeb0-1648061794f3', '2023-10-07 21:45:57', '/', NULL),
	(201, '705a71e0-971b-4aa3-aeb0-1648061794f3', '2023-10-07 21:47:16', '/', NULL),
	(202, '705a71e0-971b-4aa3-aeb0-1648061794f3', '2023-10-07 21:47:23', '/connexion', NULL),
	(203, '5951488b-9515-4064-9791-cebe93a31e13', '2023-10-07 21:48:25', '/connexion', NULL),
	(204, '1f9f84c4-34ed-41e8-8795-36d6624cccb0', '2023-10-07 21:48:43', '/connexion', NULL),
	(205, '1f9f84c4-34ed-41e8-8795-36d6624cccb0', '2023-10-07 21:48:51', '/', NULL),
	(206, '1f9f84c4-34ed-41e8-8795-36d6624cccb0', '2023-10-07 21:48:58', '/indice-culturel', NULL),
	(207, '1f9f84c4-34ed-41e8-8795-36d6624cccb0', '2023-10-07 21:49:02', '/indice-culturel/1', NULL),
	(208, '1f9f84c4-34ed-41e8-8795-36d6624cccb0', '2023-10-07 21:49:08', '/indice-culturel/2', NULL),
	(209, '1f9f84c4-34ed-41e8-8795-36d6624cccb0', '2023-10-07 21:49:28', '/indice-culturel/3', NULL),
	(210, '1f9f84c4-34ed-41e8-8795-36d6624cccb0', '2023-10-07 21:49:31', '/indice-culturel/success', NULL),
	(211, '1f9f84c4-34ed-41e8-8795-36d6624cccb0', '2023-10-07 21:49:34', '/', NULL),
	(212, '1f9f84c4-34ed-41e8-8795-36d6624cccb0', '2023-10-07 21:49:38', '/lancer-un-defi', NULL),
	(213, '1f9f84c4-34ed-41e8-8795-36d6624cccb0', '2023-10-07 21:49:41', '/lancer-un-defi/culinaire/1', NULL),
	(214, '1f9f84c4-34ed-41e8-8795-36d6624cccb0', '2023-10-07 21:50:03', '/lancer-un-defi/culinaire/2', NULL),
	(215, '1f9f84c4-34ed-41e8-8795-36d6624cccb0', '2023-10-07 21:50:07', '/lancer-un-defi/culinaire/3', NULL),
	(216, '1f9f84c4-34ed-41e8-8795-36d6624cccb0', '2023-10-07 21:50:19', '/lancer-un-defi/culinaire/4', NULL),
	(217, '1f9f84c4-34ed-41e8-8795-36d6624cccb0', '2023-10-07 21:50:21', '/lancer-un-defi/success', NULL),
	(218, '1f9f84c4-34ed-41e8-8795-36d6624cccb0', '2023-10-07 21:50:24', '/', NULL),
	(219, '1f9f84c4-34ed-41e8-8795-36d6624cccb0', '2023-10-07 21:50:29', '/creer-une-histoire', NULL),
	(220, '1f9f84c4-34ed-41e8-8795-36d6624cccb0', '2023-10-07 21:50:36', '/creer-une-histoire/1', NULL),
	(221, '1f9f84c4-34ed-41e8-8795-36d6624cccb0', '2023-10-07 21:51:06', '/creer-une-histoire/2', NULL),
	(222, '1f9f84c4-34ed-41e8-8795-36d6624cccb0', '2023-10-07 21:51:24', '/creer-une-histoire/3', NULL),
	(223, '1f9f84c4-34ed-41e8-8795-36d6624cccb0', '2023-10-07 21:51:43', '/creer-une-histoire/4', NULL),
	(224, '1f9f84c4-34ed-41e8-8795-36d6624cccb0', '2023-10-07 21:51:53', '/creer-une-histoire/5', NULL),
	(225, '1f9f84c4-34ed-41e8-8795-36d6624cccb0', '2023-10-07 21:52:42', '/', NULL),
	(226, '1f9f84c4-34ed-41e8-8795-36d6624cccb0', '2023-10-07 21:52:42', '/', NULL),
	(227, '1f9f84c4-34ed-41e8-8795-36d6624cccb0', '2023-10-07 21:52:45', '/connexion', NULL),
	(228, '1f9f84c4-34ed-41e8-8795-36d6624cccb0', '2023-10-07 21:53:01', '/', NULL),
	(229, '1f9f84c4-34ed-41e8-8795-36d6624cccb0', '2023-10-07 21:53:10', '/creer-une-histoire', NULL),
	(230, '1f9f84c4-34ed-41e8-8795-36d6624cccb0', '2023-10-07 21:53:14', '/ma-classe', NULL),
	(231, 'c73c7bc4-a2b7-4410-9197-17121e4c2cd6', '2023-10-08 11:09:20', '/', NULL),
	(232, 'c73c7bc4-a2b7-4410-9197-17121e4c2cd6', '2023-10-08 11:09:23', '/connexion', NULL),
	(233, 'c73c7bc4-a2b7-4410-9197-17121e4c2cd6', '2023-10-08 11:09:36', '/', NULL),
	(234, 'c73c7bc4-a2b7-4410-9197-17121e4c2cd6', '2023-10-08 11:09:43', '/', NULL),
	(235, 'c73c7bc4-a2b7-4410-9197-17121e4c2cd6', '2023-10-08 11:09:44', '/connexion', NULL),
	(236, 'c73c7bc4-a2b7-4410-9197-17121e4c2cd6', '2023-10-08 11:09:58', '/', NULL),
	(237, '8f664d63-2a6d-4eb2-8a99-4bb356bc24ae', '2023-10-08 11:10:16', '/', NULL),
	(238, '8f664d63-2a6d-4eb2-8a99-4bb356bc24ae', '2023-10-08 11:10:29', '/', NULL),
	(239, '8f664d63-2a6d-4eb2-8a99-4bb356bc24ae', '2023-10-08 11:10:38', '/connexion', NULL),
	(240, '8f664d63-2a6d-4eb2-8a99-4bb356bc24ae', '2023-10-08 11:10:57', '/', NULL),
	(241, 'bf4c1d4e-5902-46bc-92db-b9182d81cf40', '2023-10-08 11:11:04', '/', NULL),
	(242, '60a449ab-ebbc-4bcf-8ae8-ca367f9bc014', '2023-10-08 11:11:28', '/', NULL),
	(243, '818742a1-e129-40a5-b27e-f396d0acb5cb', '2023-10-08 11:11:56', '/', NULL),
	(244, '818742a1-e129-40a5-b27e-f396d0acb5cb', '2023-10-08 11:12:09', '/', NULL),
	(245, '818742a1-e129-40a5-b27e-f396d0acb5cb', '2023-10-08 11:12:11', '/connexion', NULL),
	(246, '818742a1-e129-40a5-b27e-f396d0acb5cb', '2023-10-08 11:12:23', '/', NULL),
	(247, '818742a1-e129-40a5-b27e-f396d0acb5cb', '2023-10-08 11:12:31', '/', NULL),
	(248, '818742a1-e129-40a5-b27e-f396d0acb5cb', '2023-10-08 11:12:36', '/login', NULL),
	(249, '818742a1-e129-40a5-b27e-f396d0acb5cb', '2023-10-08 11:12:47', '/', NULL),
	(250, '448387a1-b6c1-43f4-934d-a691e7224cff', '2023-10-08 11:15:24', '/', NULL),
	(251, '448387a1-b6c1-43f4-934d-a691e7224cff', '2023-10-08 11:15:27', '/connexion', NULL),
	(252, '448387a1-b6c1-43f4-934d-a691e7224cff', '2023-10-08 11:15:38', '/', NULL),
	(253, '448387a1-b6c1-43f4-934d-a691e7224cff', '2023-10-08 11:18:47', '/', NULL),
	(254, '6872af6b-2542-43bb-b537-ab8387e52181', '2023-10-08 11:19:57', '/', NULL),
	(255, '9ded3b67-d8ae-4836-83b6-c7859b3cf5bd', '2023-10-08 11:20:02', '/', NULL),
	(256, '9ded3b67-d8ae-4836-83b6-c7859b3cf5bd', '2023-10-08 11:20:05', '/connexion', NULL),
	(257, '9ded3b67-d8ae-4836-83b6-c7859b3cf5bd', '2023-10-08 11:21:35', '/', NULL),
	(258, '340d9118-01ec-42ba-83d2-7965e7edb548', '2023-10-10 08:32:44', '/', NULL),
	(259, 'b4577e24-4ddd-49a6-a6ea-8a622046528e', '2023-10-10 09:09:44', '/', NULL),
	(260, 'b4577e24-4ddd-49a6-a6ea-8a622046528e', '2023-10-10 09:10:46', '/connexion', NULL),
	(261, 'b4577e24-4ddd-49a6-a6ea-8a622046528e', '2023-10-10 09:17:34', '/', NULL),
	(262, 'b4577e24-4ddd-49a6-a6ea-8a622046528e', '2023-10-10 09:17:36', '/', NULL),
	(263, 'b4577e24-4ddd-49a6-a6ea-8a622046528e', '2023-10-10 09:17:38', '/', NULL),
	(264, 'b4577e24-4ddd-49a6-a6ea-8a622046528e', '2023-10-10 09:17:39', '/connexion', NULL),
	(265, 'b4577e24-4ddd-49a6-a6ea-8a622046528e', '2023-10-10 09:17:55', '/', NULL),
	(266, 'b4577e24-4ddd-49a6-a6ea-8a622046528e', '2023-10-10 09:20:45', '/', NULL),
	(267, 'e7ed4f60-95d8-4df6-9d96-e3a040963241', '2023-10-10 09:50:55', '/', NULL),
	(268, '2cb8e38b-152e-4d73-8f6a-a8795edfeaa3', '2023-10-10 10:12:22', '/familles/2', NULL),
	(269, '2cb8e38b-152e-4d73-8f6a-a8795edfeaa3', '2023-10-10 10:12:24', '/404', NULL),
	(270, '2cb8e38b-152e-4d73-8f6a-a8795edfeaa3', '2023-10-10 10:12:25', '/', NULL),
	(271, '2cb8e38b-152e-4d73-8f6a-a8795edfeaa3', '2023-10-10 10:12:28', '/familles/1', NULL),
	(272, '2cb8e38b-152e-4d73-8f6a-a8795edfeaa3', '2023-10-10 10:12:29', '/familles/2', NULL),
	(273, '2cb8e38b-152e-4d73-8f6a-a8795edfeaa3', '2023-10-10 10:12:52', '/familles/3', NULL),
	(274, '2cb8e38b-152e-4d73-8f6a-a8795edfeaa3', '2023-10-10 10:12:59', '/familles/4', NULL),
	(275, '2cb8e38b-152e-4d73-8f6a-a8795edfeaa3', '2023-10-10 10:13:03', '/404', NULL),
	(276, '2cb8e38b-152e-4d73-8f6a-a8795edfeaa3', '2023-10-10 10:13:03', '/', NULL),
	(277, '2cb8e38b-152e-4d73-8f6a-a8795edfeaa3', '2023-10-10 10:13:03', '/', NULL),
	(278, '2cb8e38b-152e-4d73-8f6a-a8795edfeaa3', '2023-10-10 10:13:04', '/connexion', NULL),
	(279, '2cb8e38b-152e-4d73-8f6a-a8795edfeaa3', '2023-10-10 10:13:21', '/', NULL),
	(280, '6a0b07c6-596c-4f7e-be38-a0859d8126ed', '2023-10-10 10:13:46', '/', NULL),
	(281, '6a0b07c6-596c-4f7e-be38-a0859d8126ed', '2023-10-10 10:13:58', '/mon-compte', NULL),
	(282, '7f9b0741-52d8-473b-b9c7-045b77c55a0f', '2023-10-10 10:14:05', '/mon-compte', NULL),
	(283, '7f9b0741-52d8-473b-b9c7-045b77c55a0f', '2023-10-10 10:14:21', '/', NULL),
	(284, '7f9b0741-52d8-473b-b9c7-045b77c55a0f', '2023-10-10 10:14:21', '/', NULL),
	(285, '7f9b0741-52d8-473b-b9c7-045b77c55a0f', '2023-10-10 10:14:22', '/connexion', NULL),
	(286, '7f9b0741-52d8-473b-b9c7-045b77c55a0f', '2023-10-10 10:15:20', '/', NULL),
	(287, '90f9abaa-b55f-4ff3-a50d-a888b3aea57e', '2023-10-10 10:15:49', '/', NULL),
	(288, '90f9abaa-b55f-4ff3-a50d-a888b3aea57e', '2023-10-10 10:15:59', '/mon-compte', NULL),
	(289, 'f07e0e2d-61c0-44c3-ba9c-335a4d16aeab', '2023-10-10 10:16:06', '/mon-compte', NULL),
	(290, 'aca86237-047f-43dc-a95c-a6e9c214532b', '2023-10-10 10:16:16', '/mon-compte', NULL),
	(291, '55612d5b-4e57-46f6-968e-809926e1d0bf', '2023-10-10 10:16:35', '/mon-compte', NULL),
	(292, '55612d5b-4e57-46f6-968e-809926e1d0bf', '2023-10-10 10:16:46', '/', NULL),
	(293, '55612d5b-4e57-46f6-968e-809926e1d0bf', '2023-10-10 10:16:46', '/', NULL),
	(294, '55612d5b-4e57-46f6-968e-809926e1d0bf', '2023-10-10 10:42:10', '/connexion', NULL),
	(295, '55612d5b-4e57-46f6-968e-809926e1d0bf', '2023-10-10 11:16:09', '/', NULL),
	(296, '55612d5b-4e57-46f6-968e-809926e1d0bf', '2023-10-10 11:16:29', '/familles/1', NULL),
	(297, '55612d5b-4e57-46f6-968e-809926e1d0bf', '2023-10-10 11:17:00', '/', NULL),
	(298, '55612d5b-4e57-46f6-968e-809926e1d0bf', '2023-10-10 11:17:00', '/', NULL),
	(299, '38abbc8c-9f94-4e89-a04a-9baf62738123', '2023-10-10 11:17:03', '/', NULL),
	(300, '38abbc8c-9f94-4e89-a04a-9baf62738123', '2023-10-10 11:17:05', '/connexion', NULL),
	(301, '38abbc8c-9f94-4e89-a04a-9baf62738123', '2023-10-10 11:17:08', '/', NULL),
	(302, '38abbc8c-9f94-4e89-a04a-9baf62738123', '2023-10-10 11:17:14', '/familles/1', NULL),
	(303, '38abbc8c-9f94-4e89-a04a-9baf62738123', '2023-10-10 11:17:20', '/', NULL),
	(304, '38abbc8c-9f94-4e89-a04a-9baf62738123', '2023-10-10 11:17:20', '/', NULL),
	(305, '38abbc8c-9f94-4e89-a04a-9baf62738123', '2023-10-10 11:17:20', '/404', NULL),
	(306, '38abbc8c-9f94-4e89-a04a-9baf62738123', '2023-10-10 11:17:20', '/', NULL),
	(307, '38abbc8c-9f94-4e89-a04a-9baf62738123', '2023-10-10 11:17:49', '/', NULL),
	(308, '38abbc8c-9f94-4e89-a04a-9baf62738123', '2023-10-10 11:17:50', '/', NULL),
	(309, '38abbc8c-9f94-4e89-a04a-9baf62738123', '2023-10-10 11:19:53', '/', NULL),
	(310, '38abbc8c-9f94-4e89-a04a-9baf62738123', '2023-10-10 11:19:53', '/', NULL),
	(311, '38abbc8c-9f94-4e89-a04a-9baf62738123', '2023-10-10 11:32:34', '/connexion', NULL),
	(312, '667164d6-362d-4368-b153-edf30b8bfc6c', '2023-10-10 11:33:21', '/', NULL),
	(313, '667164d6-362d-4368-b153-edf30b8bfc6c', '2023-10-10 11:33:23', '/connexion', NULL),
	(314, '667164d6-362d-4368-b153-edf30b8bfc6c', '2023-10-10 11:33:41', '/', NULL),
	(315, 'fd6e8809-5298-4e02-b439-0eb40d3ea923', '2023-10-10 11:34:08', '/', NULL),
	(316, 'fd6e8809-5298-4e02-b439-0eb40d3ea923', '2023-10-10 11:36:15', '/', NULL),
	(317, '85bc7bc9-5c9c-47cb-8cdd-468bf7189de3', '2023-10-10 11:36:56', '/', NULL),
	(318, '6276bd82-e7eb-4a2f-b81f-08544ffa36fe', '2023-10-10 11:37:23', '/', NULL),
	(319, 'ebec51a7-aecb-4a9a-a474-dd849ac1be35', '2023-10-10 11:38:22', '/', NULL),
	(320, '770d6d56-798e-410c-93ac-60a4ebe14d1d', '2023-10-10 11:38:27', '/', NULL),
	(321, 'c2e4e2dd-b0c8-4b9c-bb14-72f3235d257b', '2023-10-10 11:39:16', '/', NULL),
	(322, '2ce29ffc-86a2-4556-bccb-98729aacdbe8', '2023-10-10 11:40:01', '/', NULL),
	(323, '2ce29ffc-86a2-4556-bccb-98729aacdbe8', '2023-10-10 11:40:49', '/', NULL),
	(324, '2ce29ffc-86a2-4556-bccb-98729aacdbe8', '2023-10-10 11:40:50', '/', NULL),
	(325, '2ce29ffc-86a2-4556-bccb-98729aacdbe8', '2023-10-10 11:41:09', '/', NULL),
	(326, '2ce29ffc-86a2-4556-bccb-98729aacdbe8', '2023-10-10 11:41:10', '/', NULL),
	(327, 'c4f057dd-0ed6-41b4-a899-79c094d22886', '2023-10-10 11:41:15', '/', NULL),
	(328, 'c4f057dd-0ed6-41b4-a899-79c094d22886', '2023-10-10 11:42:04', '/', NULL),
	(329, 'c4f057dd-0ed6-41b4-a899-79c094d22886', '2023-10-10 11:42:05', '/', NULL),
	(330, 'c4f057dd-0ed6-41b4-a899-79c094d22886', '2023-10-10 11:43:02', '/', NULL),
	(331, 'c4f057dd-0ed6-41b4-a899-79c094d22886', '2023-10-10 11:43:03', '/', NULL),
	(332, 'c4f057dd-0ed6-41b4-a899-79c094d22886', '2023-10-10 11:43:49', '/', NULL),
	(333, 'c4f057dd-0ed6-41b4-a899-79c094d22886', '2023-10-10 11:43:49', '/', NULL),
	(334, 'c4f057dd-0ed6-41b4-a899-79c094d22886', '2023-10-10 11:44:25', '/', NULL),
	(335, 'c4f057dd-0ed6-41b4-a899-79c094d22886', '2023-10-10 11:44:25', '/', NULL),
	(336, 'c4f057dd-0ed6-41b4-a899-79c094d22886', '2023-10-10 11:49:48', '/', NULL),
	(337, 'c4f057dd-0ed6-41b4-a899-79c094d22886', '2023-10-10 11:49:48', '/', NULL),
	(338, 'c4f057dd-0ed6-41b4-a899-79c094d22886', '2023-10-10 11:50:13', '/', NULL),
	(339, 'c4f057dd-0ed6-41b4-a899-79c094d22886', '2023-10-10 11:50:14', '/', NULL),
	(340, 'c4f057dd-0ed6-41b4-a899-79c094d22886', '2023-10-10 11:50:22', '/', NULL),
	(341, 'c4f057dd-0ed6-41b4-a899-79c094d22886', '2023-10-10 11:50:22', '/', NULL),
	(342, 'c4f057dd-0ed6-41b4-a899-79c094d22886', '2023-10-10 11:54:13', '/', NULL),
	(343, 'c4f057dd-0ed6-41b4-a899-79c094d22886', '2023-10-10 11:54:13', '/', NULL),
	(344, 'c4f057dd-0ed6-41b4-a899-79c094d22886', '2023-10-10 11:55:31', '/', NULL),
	(345, 'c4f057dd-0ed6-41b4-a899-79c094d22886', '2023-10-10 11:55:31', '/', NULL),
	(346, 'c4f057dd-0ed6-41b4-a899-79c094d22886', '2023-10-10 11:55:44', '/', NULL),
	(347, 'c4f057dd-0ed6-41b4-a899-79c094d22886', '2023-10-10 11:55:45', '/', NULL),
	(348, 'c4f057dd-0ed6-41b4-a899-79c094d22886', '2023-10-10 11:57:47', '/', NULL),
	(349, 'c4f057dd-0ed6-41b4-a899-79c094d22886', '2023-10-10 11:57:47', '/', NULL),
	(350, 'c4f057dd-0ed6-41b4-a899-79c094d22886', '2023-10-10 11:58:11', '/', NULL),
	(351, 'c4f057dd-0ed6-41b4-a899-79c094d22886', '2023-10-10 11:58:11', '/', NULL),
	(352, 'c4f057dd-0ed6-41b4-a899-79c094d22886', '2023-10-10 11:59:27', '/', NULL),
	(353, 'c4f057dd-0ed6-41b4-a899-79c094d22886', '2023-10-10 11:59:28', '/', NULL),
	(354, 'c4f057dd-0ed6-41b4-a899-79c094d22886', '2023-10-10 12:02:06', '/', NULL),
	(355, 'c4f057dd-0ed6-41b4-a899-79c094d22886', '2023-10-10 12:02:06', '/', NULL),
	(356, 'c4f057dd-0ed6-41b4-a899-79c094d22886', '2023-10-10 12:07:25', '/', NULL),
	(357, 'c4f057dd-0ed6-41b4-a899-79c094d22886', '2023-10-10 12:07:26', '/', NULL),
	(358, 'c4f057dd-0ed6-41b4-a899-79c094d22886', '2023-10-10 12:07:42', '/', NULL),
	(359, 'c4f057dd-0ed6-41b4-a899-79c094d22886', '2023-10-10 12:07:43', '/', NULL),
	(360, 'c4f057dd-0ed6-41b4-a899-79c094d22886', '2023-10-10 12:08:34', '/', NULL),
	(361, 'c4f057dd-0ed6-41b4-a899-79c094d22886', '2023-10-10 12:08:35', '/', NULL),
	(362, 'c4f057dd-0ed6-41b4-a899-79c094d22886', '2023-10-10 12:09:26', '/', NULL),
	(363, 'c4f057dd-0ed6-41b4-a899-79c094d22886', '2023-10-10 12:09:50', '/', NULL),
	(364, 'c4f057dd-0ed6-41b4-a899-79c094d22886', '2023-10-10 12:09:51', '/', NULL),
	(365, 'c4f057dd-0ed6-41b4-a899-79c094d22886', '2023-10-10 12:13:45', '/', NULL),
	(366, 'c4f057dd-0ed6-41b4-a899-79c094d22886', '2023-10-10 12:13:46', '/', NULL),
	(367, 'c4f057dd-0ed6-41b4-a899-79c094d22886', '2023-10-10 12:14:00', '/', NULL),
	(368, 'c4f057dd-0ed6-41b4-a899-79c094d22886', '2023-10-10 12:14:00', '/', NULL),
	(369, 'c4f057dd-0ed6-41b4-a899-79c094d22886', '2023-10-10 12:15:31', '/', NULL),
	(370, 'c4f057dd-0ed6-41b4-a899-79c094d22886', '2023-10-10 12:15:32', '/', NULL),
	(371, 'c4f057dd-0ed6-41b4-a899-79c094d22886', '2023-10-10 12:16:15', '/', NULL),
	(372, 'c4f057dd-0ed6-41b4-a899-79c094d22886', '2023-10-10 12:16:16', '/', NULL),
	(373, 'c4f057dd-0ed6-41b4-a899-79c094d22886', '2023-10-10 12:16:35', '/', NULL),
	(374, 'c4f057dd-0ed6-41b4-a899-79c094d22886', '2023-10-10 12:16:35', '/', NULL),
	(375, 'c4f057dd-0ed6-41b4-a899-79c094d22886', '2023-10-10 12:16:52', '/', NULL),
	(376, 'c4f057dd-0ed6-41b4-a899-79c094d22886', '2023-10-10 12:16:52', '/', NULL),
	(377, 'c4f057dd-0ed6-41b4-a899-79c094d22886', '2023-10-10 12:17:15', '/', NULL),
	(378, 'c4f057dd-0ed6-41b4-a899-79c094d22886', '2023-10-10 12:17:15', '/', NULL),
	(379, 'c4f057dd-0ed6-41b4-a899-79c094d22886', '2023-10-10 12:18:36', '/', NULL),
	(380, 'c4f057dd-0ed6-41b4-a899-79c094d22886', '2023-10-10 12:18:37', '/', NULL),
	(381, 'c4f057dd-0ed6-41b4-a899-79c094d22886', '2023-10-10 12:24:27', '/', NULL),
	(382, 'c4f057dd-0ed6-41b4-a899-79c094d22886', '2023-10-10 12:25:03', '/', NULL),
	(383, 'c4f057dd-0ed6-41b4-a899-79c094d22886', '2023-10-10 12:25:10', '/', NULL),
	(384, 'c4f057dd-0ed6-41b4-a899-79c094d22886', '2023-10-10 12:25:11', '/', NULL),
	(385, 'c4f057dd-0ed6-41b4-a899-79c094d22886', '2023-10-10 12:25:33', '/', NULL),
	(386, 'c4f057dd-0ed6-41b4-a899-79c094d22886', '2023-10-10 12:25:34', '/', NULL),
	(387, 'c4f057dd-0ed6-41b4-a899-79c094d22886', '2023-10-10 12:28:34', '/', NULL),
	(388, 'c4f057dd-0ed6-41b4-a899-79c094d22886', '2023-10-10 12:28:35', '/', NULL),
	(389, 'c4f057dd-0ed6-41b4-a899-79c094d22886', '2023-10-10 12:28:50', '/', NULL),
	(390, 'c4f057dd-0ed6-41b4-a899-79c094d22886', '2023-10-10 12:28:52', '/', NULL),
	(391, 'c4f057dd-0ed6-41b4-a899-79c094d22886', '2023-10-10 12:29:03', '/', NULL),
	(392, 'c4f057dd-0ed6-41b4-a899-79c094d22886', '2023-10-10 12:29:05', '/', NULL),
	(393, 'c4f057dd-0ed6-41b4-a899-79c094d22886', '2023-10-10 12:29:27', '/', NULL),
	(394, 'c4f057dd-0ed6-41b4-a899-79c094d22886', '2023-10-10 12:29:27', '/', NULL),
	(395, '2331fdaf-1cc3-4298-a007-0198203f5866', '2023-10-10 12:29:32', '/', NULL),
	(396, '2331fdaf-1cc3-4298-a007-0198203f5866', '2023-10-10 12:29:51', '/', NULL),
	(397, 'aace0382-c2da-47d4-b8f1-32f3775b3b4f', '2023-10-10 12:30:21', '/', NULL),
	(398, 'd4770756-ab0d-40a0-8b22-dfa21e308071', '2023-10-10 12:30:36', '/', NULL),
	(399, 'd4770756-ab0d-40a0-8b22-dfa21e308071', '2023-10-10 12:30:43', '/', NULL),
	(400, 'd4770756-ab0d-40a0-8b22-dfa21e308071', '2023-10-10 12:30:48', '/connexion', NULL),
	(401, 'd4770756-ab0d-40a0-8b22-dfa21e308071', '2023-10-10 12:30:58', '/', NULL),
	(402, 'd4770756-ab0d-40a0-8b22-dfa21e308071', '2023-10-10 12:31:42', '/', NULL),
	(403, 'd4770756-ab0d-40a0-8b22-dfa21e308071', '2023-10-10 12:31:45', '/', NULL),
	(404, 'cf734939-c465-49e7-bc58-db407a8ec5f3', '2023-10-10 12:31:51', '/', NULL),
	(405, 'cf734939-c465-49e7-bc58-db407a8ec5f3', '2023-10-10 12:32:11', '/', NULL),
	(406, 'cf734939-c465-49e7-bc58-db407a8ec5f3', '2023-10-10 12:32:12', '/', NULL),
	(407, '73294bde-e174-445e-86b6-d2d4f36d4b35', '2023-10-10 12:32:18', '/', NULL),
	(408, '73294bde-e174-445e-86b6-d2d4f36d4b35', '2023-10-10 12:33:21', '/', NULL),
	(409, '73294bde-e174-445e-86b6-d2d4f36d4b35', '2023-10-10 12:33:21', '/', NULL),
	(410, '73294bde-e174-445e-86b6-d2d4f36d4b35', '2023-10-10 12:33:32', '/', NULL),
	(411, '73294bde-e174-445e-86b6-d2d4f36d4b35', '2023-10-10 12:33:34', '/', NULL),
	(412, '73294bde-e174-445e-86b6-d2d4f36d4b35', '2023-10-10 12:33:39', '/', NULL),
	(413, '73294bde-e174-445e-86b6-d2d4f36d4b35', '2023-10-10 12:36:09', '/', NULL),
	(414, '8f64d90d-2eaf-4c05-a97d-f3d52b217733', '2023-10-10 12:51:44', '/', NULL),
	(415, 'fbde12ae-2599-4808-81f1-1547c623cfda', '2023-10-10 12:51:55', '/', NULL),
	(416, 'fbde12ae-2599-4808-81f1-1547c623cfda', '2023-10-10 12:54:04', '/', NULL),
	(417, 'fbde12ae-2599-4808-81f1-1547c623cfda', '2023-10-10 12:54:05', '/', NULL),
	(418, 'fbde12ae-2599-4808-81f1-1547c623cfda', '2023-10-10 12:54:34', '/', NULL),
	(419, 'fbde12ae-2599-4808-81f1-1547c623cfda', '2023-10-10 12:54:35', '/', NULL),
	(420, 'fbde12ae-2599-4808-81f1-1547c623cfda', '2023-10-10 12:54:41', '/', NULL),
	(421, 'fbde12ae-2599-4808-81f1-1547c623cfda', '2023-10-10 12:54:41', '/', NULL),
	(422, 'fbde12ae-2599-4808-81f1-1547c623cfda', '2023-10-10 12:56:32', '/', NULL),
	(423, 'fbde12ae-2599-4808-81f1-1547c623cfda', '2023-10-10 12:56:44', '/', NULL),
	(424, 'fbde12ae-2599-4808-81f1-1547c623cfda', '2023-10-10 12:56:46', '/', NULL),
	(425, 'fbde12ae-2599-4808-81f1-1547c623cfda', '2023-10-10 12:56:55', '/', NULL),
	(426, 'fbde12ae-2599-4808-81f1-1547c623cfda', '2023-10-10 12:56:57', '/', NULL),
	(427, 'fbde12ae-2599-4808-81f1-1547c623cfda', '2023-10-10 12:57:09', '/', NULL),
	(428, '177ea3a8-ba47-404f-883c-4161987621d6', '2023-10-10 12:59:55', '/', NULL),
	(429, '87e6ebe8-cb19-40e6-a688-a9a5adba20e8', '2023-10-10 13:00:00', '/', NULL),
	(430, '87e6ebe8-cb19-40e6-a688-a9a5adba20e8', '2023-10-10 13:01:11', '/', NULL),
	(431, '87e6ebe8-cb19-40e6-a688-a9a5adba20e8', '2023-10-10 13:01:11', '/', NULL),
	(432, '4646bb8c-64f7-4d11-9014-37f00a47833b', '2023-10-10 13:01:20', '/', NULL),
	(433, '4646bb8c-64f7-4d11-9014-37f00a47833b', '2023-10-10 13:02:09', '/', NULL),
	(434, '4646bb8c-64f7-4d11-9014-37f00a47833b', '2023-10-10 13:02:10', '/', NULL),
	(435, '6c07ea76-2de9-4bc6-b0b2-389872d2fd82', '2023-10-10 13:02:14', '/', NULL),
	(436, '6c07ea76-2de9-4bc6-b0b2-389872d2fd82', '2023-10-10 13:02:47', '/', NULL),
	(437, '6c07ea76-2de9-4bc6-b0b2-389872d2fd82', '2023-10-10 13:02:48', '/', NULL),
	(438, '6c07ea76-2de9-4bc6-b0b2-389872d2fd82', '2023-10-10 13:03:05', '/', NULL),
	(439, '6c07ea76-2de9-4bc6-b0b2-389872d2fd82', '2023-10-10 13:03:06', '/', NULL),
	(440, 'cf400222-4183-4c67-b304-37a766887011', '2023-10-10 13:03:10', '/', NULL),
	(441, 'cf400222-4183-4c67-b304-37a766887011', '2023-10-10 13:03:52', '/', NULL),
	(442, 'cf400222-4183-4c67-b304-37a766887011', '2023-10-10 13:03:53', '/', NULL),
	(443, 'a5f12653-d318-4b69-82dc-298e44943a72', '2023-10-10 13:03:58', '/', NULL),
	(444, 'a5f12653-d318-4b69-82dc-298e44943a72', '2023-10-10 13:05:06', '/', NULL),
	(445, 'a5f12653-d318-4b69-82dc-298e44943a72', '2023-10-10 13:05:07', '/', NULL),
	(446, 'a5f12653-d318-4b69-82dc-298e44943a72', '2023-10-10 13:06:15', '/', NULL),
	(447, '7eb7032b-36e4-4a3d-85e8-e28d71662a0e', '2023-10-10 13:09:06', '/', NULL),
	(448, '7eb7032b-36e4-4a3d-85e8-e28d71662a0e', '2023-10-10 13:10:57', '/', NULL),
	(449, '7eb7032b-36e4-4a3d-85e8-e28d71662a0e', '2023-10-10 13:10:57', '/', NULL),
	(450, '8f9cdae6-97e8-4a46-87e3-45b457c0355f', '2023-10-10 13:11:02', '/', NULL),
	(451, 'bebcf3f9-7cb3-478f-955d-74fb13dfa26a', '2023-10-10 13:11:13', '/', NULL),
	(452, 'bebcf3f9-7cb3-478f-955d-74fb13dfa26a', '2023-10-10 13:12:41', '/', NULL),
	(453, 'bebcf3f9-7cb3-478f-955d-74fb13dfa26a', '2023-10-10 13:12:42', '/', NULL),
	(454, '0cddfb36-f497-45b9-ba4a-cb8521254b9d', '2023-10-10 13:12:47', '/', NULL),
	(455, '0cddfb36-f497-45b9-ba4a-cb8521254b9d', '2023-10-10 13:13:00', '/', NULL),
	(456, '0cddfb36-f497-45b9-ba4a-cb8521254b9d', '2023-10-10 13:13:01', '/', NULL),
	(457, '061a3ba9-75bc-454c-aecc-97f3383ccb72', '2023-10-10 13:13:06', '/', NULL),
	(458, '061a3ba9-75bc-454c-aecc-97f3383ccb72', '2023-10-10 13:13:55', '/', NULL),
	(459, '061a3ba9-75bc-454c-aecc-97f3383ccb72', '2023-10-10 13:13:56', '/', NULL),
	(460, '061a3ba9-75bc-454c-aecc-97f3383ccb72', '2023-10-10 13:14:10', '/', NULL),
	(461, '061a3ba9-75bc-454c-aecc-97f3383ccb72', '2023-10-10 13:14:11', '/', NULL),
	(462, '18ee0360-edea-4eb4-bc18-7c9d1cd0f06b', '2023-10-10 13:14:16', '/', NULL),
	(463, '42f0f602-bd02-411e-8cdf-f52d1b3f4cfa', '2023-10-10 13:15:54', '/', NULL),
	(464, 'f0e57e32-ae8e-4a5e-8d53-e9a0e8174bed', '2023-10-10 13:28:17', '/', NULL),
	(465, 'f0e57e32-ae8e-4a5e-8d53-e9a0e8174bed', '2023-10-10 13:30:02', '/', NULL),
	(466, 'f0e57e32-ae8e-4a5e-8d53-e9a0e8174bed', '2023-10-10 13:30:03', '/', NULL),
	(467, 'f0e57e32-ae8e-4a5e-8d53-e9a0e8174bed', '2023-10-10 13:31:13', '/', NULL),
	(468, 'f0e57e32-ae8e-4a5e-8d53-e9a0e8174bed', '2023-10-10 13:31:15', '/', NULL),
	(469, 'f0e57e32-ae8e-4a5e-8d53-e9a0e8174bed', '2023-10-10 13:31:29', '/', NULL),
	(470, 'f0e57e32-ae8e-4a5e-8d53-e9a0e8174bed', '2023-10-10 13:31:31', '/', NULL),
	(471, 'cc557207-d7b8-4c03-804a-08c0128e9c21', '2023-10-10 13:58:39', '/', NULL),
	(472, 'df5dd619-8e12-41a7-864d-ec1509d8b27c', '2023-10-10 16:10:08', '/', NULL);

-- Listage de la structure de la table village. analytic_performance
CREATE TABLE IF NOT EXISTS `analytic_performance` (
  `id` int NOT NULL AUTO_INCREMENT,
  `sessionId` varchar(36) CHARACTER SET utf8mb4 COLLATE utf8mb4_unicode_ci NOT NULL,
  `date` datetime NOT NULL,
  `data` text CHARACTER SET utf8mb4 COLLATE utf8mb4_unicode_ci NOT NULL,
  PRIMARY KEY (`id`),
  KEY `FK_b4ae11c38897a5fbe83c6359ef7` (`sessionId`),
  CONSTRAINT `FK_b4ae11c38897a5fbe83c6359ef7` FOREIGN KEY (`sessionId`) REFERENCES `analytic_session` (`id`) ON DELETE CASCADE
) ENGINE=InnoDB AUTO_INCREMENT=414 DEFAULT CHARSET=utf8mb4 COLLATE=utf8mb4_unicode_ci;

-- Listage des données de la table village.analytic_performance : ~131 rows (environ)
REPLACE INTO `analytic_performance` (`id`, `sessionId`, `date`, `data`) VALUES
	(1, '0b6e9132-2161-483a-ac99-345f00cf991a', '2023-10-07 19:11:14', '{"totalTime":43255.400000002235,"fetchTime":43486.60000000149,"latency":43481.400000002235,"timeToFirstByte":43250.20000000298,"redirectTime":0,"dnsTime":0,"pageLoadTime":50770.10000000149,"domInteractiveTime":44564,"domInteractiveToComplete":6205.89999999851,"onload":0,"firstPaint":52084.89999999851,"firstContentfulPaint":52084.89999999851}'),
	(2, '0b6e9132-2161-483a-ac99-345f00cf991a', '2023-10-07 19:11:14', '{"fid":12.100000001490116}'),
	(3, '0b6e9132-2161-483a-ac99-345f00cf991a', '2023-10-07 19:11:15', '{"lcp":55364.60000000149}'),
	(4, '0b6e9132-2161-483a-ac99-345f00cf991a', '2023-10-07 19:11:43', '{"cls":0.000059071141868096336}'),
	(5, '9c5167e6-17e0-4d5d-a1f8-33edc77efd47', '2023-10-07 19:12:16', '{"lcp":3065.300000000745}'),
	(6, '9c5167e6-17e0-4d5d-a1f8-33edc77efd47', '2023-10-07 19:12:16', '{"totalTime":1017.8000000007451,"fetchTime":1020.5,"latency":1011,"timeToFirstByte":1008.3000000007451,"redirectTime":0,"dnsTime":0,"pageLoadTime":3768.10000000149,"domInteractiveTime":1211.4000000022352,"domInteractiveToComplete":2556.39999999851,"onload":0,"firstPaint":3065.300000000745,"firstContentfulPaint":3065.300000000745}'),
	(7, '9c5167e6-17e0-4d5d-a1f8-33edc77efd47', '2023-10-07 19:12:17', '{"fid":5.5}'),
	(8, '9c5167e6-17e0-4d5d-a1f8-33edc77efd47', '2023-10-07 19:12:19', '{"cls":0.0002820354464514588}'),
	(9, 'aba6371d-1b04-4249-9ab6-74f604f9be30', '2023-10-07 19:12:54', '{"fid":8.799999997019768}'),
	(10, 'aba6371d-1b04-4249-9ab6-74f604f9be30', '2023-10-07 19:12:54', '{"totalTime":256.69999999925494,"fetchTime":259.30000000074506,"latency":212.80000000074506,"timeToFirstByte":210.19999999925494,"redirectTime":0,"dnsTime":0,"pageLoadTime":2609.10000000149,"domInteractiveTime":418.30000000074506,"domInteractiveToComplete":2190.300000000745,"onload":0,"firstPaint":2109.5,"firstContentfulPaint":2109.5}'),
	(11, 'aba6371d-1b04-4249-9ab6-74f604f9be30', '2023-10-07 19:12:54', '{"lcp":2109.5}'),
	(12, 'aba6371d-1b04-4249-9ab6-74f604f9be30', '2023-10-07 19:13:02', '{"cls":0.00027236449193990026}'),
	(13, '5dab1776-52a2-4489-a920-67d763f66384', '2023-10-07 19:13:26', '{"totalTime":170.09999999776483,"fetchTime":172.89999999850988,"latency":161.5,"timeToFirstByte":158.69999999925494,"redirectTime":0,"dnsTime":0,"pageLoadTime":3312.5,"domInteractiveTime":456,"domInteractiveToComplete":2856.099999997765,"onload":0.09999999776482582,"firstPaint":2587.099999997765,"firstContentfulPaint":2587.099999997765}'),
	(14, '2cc55bf5-cc89-4e72-b9a9-69f04c1f0d2f', '2023-10-07 19:21:02', '{"totalTime":1137.5,"fetchTime":1141.6000000014901,"latency":1137.8999999985099,"timeToFirstByte":1133.7999999970198,"redirectTime":0,"dnsTime":0,"pageLoadTime":4298.699999999255,"domInteractiveTime":1387.3999999985099,"domInteractiveToComplete":2910.60000000149,"onload":0,"firstPaint":3359.89999999851,"firstContentfulPaint":3359.89999999851}'),
	(15, '2cc55bf5-cc89-4e72-b9a9-69f04c1f0d2f', '2023-10-07 19:21:05', '{"lcp":3359.89999999851}'),
	(16, '2cc55bf5-cc89-4e72-b9a9-69f04c1f0d2f', '2023-10-07 19:21:05', '{"fid":4.900000002235174}'),
	(17, '2cc55bf5-cc89-4e72-b9a9-69f04c1f0d2f', '2023-10-07 19:22:39', '{"cls":0.0016627325029062625}'),
	(18, '40991687-ad76-4c8c-bded-d9fc6b449afc', '2023-10-07 19:23:00', '{"totalTime":763.8999999985099,"fetchTime":766.2999999970198,"latency":764.5,"timeToFirstByte":762.1000000014901,"redirectTime":0,"dnsTime":0,"pageLoadTime":4480.800000000745,"domInteractiveTime":1034.6000000014901,"domInteractiveToComplete":3446,"onload":0,"firstPaint":16869.699999999255,"firstContentfulPaint":16869.699999999255}'),
	(19, '40991687-ad76-4c8c-bded-d9fc6b449afc', '2023-10-07 19:23:00', '{"fid":6.300000000745058}'),
	(20, '40991687-ad76-4c8c-bded-d9fc6b449afc', '2023-10-07 19:23:00', '{"lcp":16869.699999999255}'),
	(21, '40991687-ad76-4c8c-bded-d9fc6b449afc', '2023-10-07 19:23:31', '{"cls":0.000009480236908876982}'),
	(22, '40991687-ad76-4c8c-bded-d9fc6b449afc', '2023-10-07 19:23:52', '{"cls":0.000587312967185206}'),
	(23, '40991687-ad76-4c8c-bded-d9fc6b449afc', '2023-10-07 19:27:06', '{"cls":0.030785372901993163}'),
	(24, 'd3c26d79-77f0-475a-9bea-bd04055aac9e', '2023-10-07 19:46:20', '{"totalTime":674.6000000014901,"fetchTime":680.3000000007451,"latency":678.5,"timeToFirstByte":672.8000000007451,"redirectTime":0,"dnsTime":0,"pageLoadTime":3748.5,"domInteractiveTime":923.8999999985099,"domInteractiveToComplete":2823.800000000745,"onload":0,"firstPaint":2731.199999999255,"firstContentfulPaint":2731.199999999255}'),
	(25, 'd3c26d79-77f0-475a-9bea-bd04055aac9e', '2023-10-07 19:46:21', '{"fid":3.600000001490116}'),
	(26, 'd3c26d79-77f0-475a-9bea-bd04055aac9e', '2023-10-07 19:46:22', '{"lcp":2731.199999999255}'),
	(27, 'd3c26d79-77f0-475a-9bea-bd04055aac9e', '2023-10-07 19:46:34', '{"cls":0.023759564567437202}'),
	(28, '298d3652-8ba4-4c6b-a262-b5f6f5942466', '2023-10-07 19:48:05', '{"totalTime":436.19999999925494,"fetchTime":447.30000000074506,"latency":443.69999999925494,"timeToFirstByte":432.5999999977648,"redirectTime":0,"dnsTime":2.199999999254942,"pageLoadTime":4726,"domInteractiveTime":693.6000000014901,"domInteractiveToComplete":4030.800000000745,"onload":0.10000000149011612,"firstPaint":3566,"firstContentfulPaint":3566}'),
	(29, '298d3652-8ba4-4c6b-a262-b5f6f5942466', '2023-10-07 19:48:05', '{"lcp":3566}'),
	(30, '298d3652-8ba4-4c6b-a262-b5f6f5942466', '2023-10-07 19:48:05', '{"fid":4.600000001490116}'),
	(31, '298d3652-8ba4-4c6b-a262-b5f6f5942466', '2023-10-07 19:48:51', '{"cls":0.023868988159622306}'),
	(32, 'b1d1f483-7882-4c1c-ab27-ff29d5ef6ecd', '2023-10-07 20:19:24', '{"totalTime":1088.699999999255,"fetchTime":1122.300000000745,"latency":1114.6000000014901,"timeToFirstByte":1081,"redirectTime":0,"dnsTime":0,"pageLoadTime":5138.300000000745,"domInteractiveTime":1254.5,"domInteractiveToComplete":3881.300000000745,"onload":0,"firstPaint":0,"firstContentfulPaint":0}'),
	(33, 'be4a1d0e-a031-46fc-bbb3-74041a0bf7bb', '2023-10-07 20:20:36', '{"totalTime":981.1000000014901,"fetchTime":1013.9000000022352,"latency":985.9000000022352,"timeToFirstByte":953.1000000014901,"redirectTime":0,"dnsTime":0,"pageLoadTime":4715.5,"domInteractiveTime":1385.3999999985099,"domInteractiveToComplete":3329.900000002235,"onload":0,"firstPaint":3147.5,"firstContentfulPaint":3147.5}'),
	(34, 'be4a1d0e-a031-46fc-bbb3-74041a0bf7bb', '2023-10-07 20:20:36', '{"fid":1.8999999985098839}'),
	(35, 'be4a1d0e-a031-46fc-bbb3-74041a0bf7bb', '2023-10-07 20:20:37', '{"lcp":5347.39999999851}'),
	(36, 'be4a1d0e-a031-46fc-bbb3-74041a0bf7bb', '2023-10-07 20:20:53', '{"cls":0.000059071141868096336}'),
	(37, '5747f68a-1b7c-4c90-8daa-7f2ff1e78a08', '2023-10-07 20:21:19', '{"fid":4.5}'),
	(38, '5747f68a-1b7c-4c90-8daa-7f2ff1e78a08', '2023-10-07 20:21:19', '{"totalTime":187.30000000074506,"fetchTime":195.20000000298023,"latency":184.70000000298023,"timeToFirstByte":176.80000000074506,"redirectTime":0,"dnsTime":0.09999999776482582,"pageLoadTime":2500.699999999255,"domInteractiveTime":432.69999999925494,"domInteractiveToComplete":2067.800000000745,"onload":0,"firstPaint":1981.0999999977648,"firstContentfulPaint":1981.0999999977648}'),
	(39, '5747f68a-1b7c-4c90-8daa-7f2ff1e78a08', '2023-10-07 20:21:20', '{"lcp":1981.0999999977648}'),
	(40, '5747f68a-1b7c-4c90-8daa-7f2ff1e78a08', '2023-10-07 20:21:31', '{"cls":0.00027236449193990026}'),
	(41, '84b39f52-4f61-44d5-98b3-c33a068c3282', '2023-10-07 20:22:04', '{"fid":4.600000001490116}'),
	(42, '84b39f52-4f61-44d5-98b3-c33a068c3282', '2023-10-07 20:22:04', '{"totalTime":154.90000000223517,"fetchTime":158.10000000149012,"latency":146.5,"timeToFirstByte":143.30000000074506,"redirectTime":0,"dnsTime":0,"pageLoadTime":2556.599999997765,"domInteractiveTime":394.0999999977648,"domInteractiveToComplete":2162.199999999255,"onload":0.09999999776482582,"firstPaint":2044.199999999255,"firstContentfulPaint":2044.199999999255}'),
	(43, '84b39f52-4f61-44d5-98b3-c33a068c3282', '2023-10-07 20:22:04', '{"lcp":2044.199999999255}'),
	(44, '84b39f52-4f61-44d5-98b3-c33a068c3282', '2023-10-07 20:22:33', '{"cls":0.00027236449193990026}'),
	(45, 'da8ab0c0-fd4c-442d-8481-6c18b1ddee70', '2023-10-07 20:24:33', '{"totalTime":2612.199999999255,"fetchTime":2615.300000000745,"latency":2602.2000000029802,"timeToFirstByte":2599.10000000149,"redirectTime":0,"dnsTime":0,"pageLoadTime":5583.300000000745,"domInteractiveTime":2835.89999999851,"domInteractiveToComplete":2747.199999999255,"onload":0,"firstPaint":4847.39999999851,"firstContentfulPaint":4847.39999999851}'),
	(46, 'da8ab0c0-fd4c-442d-8481-6c18b1ddee70', '2023-10-07 20:24:33', '{"fid":1.300000000745058}'),
	(47, 'da8ab0c0-fd4c-442d-8481-6c18b1ddee70', '2023-10-07 20:24:35', '{"lcp":4847.39999999851}'),
	(48, 'da8ab0c0-fd4c-442d-8481-6c18b1ddee70', '2023-10-07 20:24:47', '{"cls":0.00027236449193990026}'),
	(49, 'da8ab0c0-fd4c-442d-8481-6c18b1ddee70', '2023-10-07 20:25:54', '{"cls":0.01081888055348331}'),
	(50, 'da8ab0c0-fd4c-442d-8481-6c18b1ddee70', '2023-10-07 20:29:33', '{"cls":0.010818884475865192}'),
	(51, 'da8ab0c0-fd4c-442d-8481-6c18b1ddee70', '2023-10-07 21:14:53', '{"cls":0.022690760546204503}'),
	(52, '1ed2583d-ffec-44ba-a23d-d35596b48c79', '2023-10-07 21:15:21', '{"totalTime":1591.6000000014901,"fetchTime":1596.6000000014901,"latency":1570.1000000014901,"timeToFirstByte":1565.1000000014901,"redirectTime":0,"dnsTime":0,"pageLoadTime":5210.69999999553,"domInteractiveTime":1912.5,"domInteractiveToComplete":3297.7999999970198,"onload":0,"firstPaint":4363,"firstContentfulPaint":4363}'),
	(53, '629f2d1e-22fa-4819-911d-2746ed79b16c', '2023-10-07 21:23:02', '{"fid":1.8000000044703484}'),
	(54, '629f2d1e-22fa-4819-911d-2746ed79b16c', '2023-10-07 21:23:02', '{"totalTime":1561.9000000059605,"fetchTime":1644.8000000044703,"latency":1634.1000000014901,"timeToFirstByte":1551.2000000029802,"redirectTime":0,"dnsTime":0,"pageLoadTime":5447.79999999702,"domInteractiveTime":2070.2999999970198,"domInteractiveToComplete":3377.10000000149,"onload":0,"firstPaint":4471.89999999851,"firstContentfulPaint":4471.89999999851}'),
	(55, '629f2d1e-22fa-4819-911d-2746ed79b16c', '2023-10-07 21:23:04', '{"lcp":4471.89999999851}'),
	(56, '629f2d1e-22fa-4819-911d-2746ed79b16c', '2023-10-07 21:23:35', '{"cls":0.0002518419326907392}'),
	(57, 'f10e4e4d-6c1f-4458-9ffb-5d0d27966b57', '2023-10-07 21:23:43', '{"totalTime":173.89999999850988,"fetchTime":198.5,"latency":187.70000000298023,"timeToFirstByte":163.10000000149012,"redirectTime":0,"dnsTime":0.10000000149011612,"pageLoadTime":2965.89999999851,"domInteractiveTime":434.6000000014901,"domInteractiveToComplete":2531,"onload":0,"firstPaint":2233.5,"firstContentfulPaint":2233.5}'),
	(58, '69b8d882-9ee8-4fb6-b66a-0a113c6b1652', '2023-10-07 21:24:08', '{"totalTime":262.8999999985099,"fetchTime":273.69999999552965,"latency":263.6000000014901,"timeToFirstByte":252.80000000447035,"redirectTime":0,"dnsTime":0,"pageLoadTime":3644.89999999851,"domInteractiveTime":418.19999999552965,"domInteractiveToComplete":3226.10000000149,"onload":0,"firstPaint":2810.7999999970198,"firstContentfulPaint":2810.7999999970198}'),
	(59, '69b8d882-9ee8-4fb6-b66a-0a113c6b1652', '2023-10-07 21:24:30', '{"lcp":2810.7999999970198}'),
	(60, '69b8d882-9ee8-4fb6-b66a-0a113c6b1652', '2023-10-07 21:24:30', '{"fid":4.199999995529652}'),
	(61, '69b8d882-9ee8-4fb6-b66a-0a113c6b1652', '2023-10-07 21:24:32', '{"cls":0.0002518419326907392}'),
	(62, 'a2b58f23-3c5c-47f1-ad5a-dff56b893e40', '2023-10-07 21:24:39', '{"fid":1}'),
	(63, 'a2b58f23-3c5c-47f1-ad5a-dff56b893e40', '2023-10-07 21:24:39', '{"totalTime":254.5,"fetchTime":263.40000000596046,"latency":249.5,"timeToFirstByte":240.59999999403954,"redirectTime":0,"dnsTime":0,"pageLoadTime":4849.5999999940395,"domInteractiveTime":417.09999999403954,"domInteractiveToComplete":4431.9000000059605,"onload":0,"firstPaint":2504.1999999955297,"firstContentfulPaint":2504.1999999955297}'),
	(64, 'a2b58f23-3c5c-47f1-ad5a-dff56b893e40', '2023-10-07 21:25:08', '{"cls":0.0002316234113563805}'),
	(65, 'a00c1e25-0a66-481b-b613-711bad582591', '2023-10-07 21:25:15', '{"totalTime":287.19999999552965,"fetchTime":297.8999999985099,"latency":277.5,"timeToFirstByte":266.79999999701977,"redirectTime":0,"dnsTime":0.10000000149011612,"pageLoadTime":2542.89999999851,"domInteractiveTime":489.30000000447035,"domInteractiveToComplete":2053.0999999940395,"onload":0,"firstPaint":2077.60000000149,"firstContentfulPaint":2077.60000000149}'),
	(66, 'a00c1e25-0a66-481b-b613-711bad582591', '2023-10-07 21:25:18', '{"fid":2.7999999970197678}'),
	(67, 'a00c1e25-0a66-481b-b613-711bad582591', '2023-10-07 21:25:18', '{"lcp":2077.60000000149}'),
	(68, 'a00c1e25-0a66-481b-b613-711bad582591', '2023-10-07 21:28:05', '{"cls":0.010856487398826605}'),
	(69, '1d731525-b2d0-4fd3-89f5-783d37d9925c', '2023-10-07 21:28:15', '{"totalTime":83.40000000596046,"fetchTime":96,"latency":89.5,"timeToFirstByte":76.90000000596046,"redirectTime":0,"dnsTime":0,"pageLoadTime":2446.6999999955297,"domInteractiveTime":207.59999999403954,"domInteractiveToComplete":2239,"onload":0.10000000149011612,"firstPaint":1981.5999999940395,"firstContentfulPaint":1981.5999999940395}'),
	(70, '1d731525-b2d0-4fd3-89f5-783d37d9925c', '2023-10-07 21:28:15', '{"fid":1.5999999940395355}'),
	(71, '1d731525-b2d0-4fd3-89f5-783d37d9925c', '2023-10-07 21:28:15', '{"lcp":3661.6999999955297}'),
	(72, '1d731525-b2d0-4fd3-89f5-783d37d9925c', '2023-10-07 21:38:48', '{"cls":0.024304720521905326}'),
	(73, '705a71e0-971b-4aa3-aeb0-1648061794f3', '2023-10-07 21:38:56', '{"fid":1.6000000014901161}'),
	(74, '705a71e0-971b-4aa3-aeb0-1648061794f3', '2023-10-07 21:38:56', '{"totalTime":2591.89999999851,"fetchTime":2595.39999999851,"latency":2581.89999999851,"timeToFirstByte":2578.39999999851,"redirectTime":0,"dnsTime":0.10000000149011612,"pageLoadTime":6138.5,"domInteractiveTime":3394.7999999970198,"domInteractiveToComplete":2743.39999999851,"onload":0,"firstPaint":5331.5,"firstContentfulPaint":5331.5}'),
	(75, '705a71e0-971b-4aa3-aeb0-1648061794f3', '2023-10-07 21:38:57', '{"lcp":5331.5}'),
	(76, '705a71e0-971b-4aa3-aeb0-1648061794f3', '2023-10-07 21:43:19', '{"cls":0.024268432752008337}'),
	(77, '705a71e0-971b-4aa3-aeb0-1648061794f3', '2023-10-07 21:48:20', '{"cls":0.024303332072854678}'),
	(78, '5951488b-9515-4064-9791-cebe93a31e13', '2023-10-07 21:48:28', '{"totalTime":1481,"fetchTime":1495.8999999985099,"latency":1377.5999999940395,"timeToFirstByte":1362.6999999955297,"redirectTime":0,"dnsTime":0.10000000149011612,"pageLoadTime":5935,"domInteractiveTime":1745.6000000014901,"domInteractiveToComplete":4188.5,"onload":0,"firstPaint":3866,"firstContentfulPaint":3866}'),
	(79, '5951488b-9515-4064-9791-cebe93a31e13', '2023-10-07 21:48:36', '{"fid":18.900000005960464}'),
	(80, '5951488b-9515-4064-9791-cebe93a31e13', '2023-10-07 21:48:36', '{"lcp":3866}'),
	(81, '5951488b-9515-4064-9791-cebe93a31e13', '2023-10-07 21:48:41', '{"cls":0.00027236449193990026}'),
	(82, '1f9f84c4-34ed-41e8-8795-36d6624cccb0', '2023-10-07 21:48:48', '{"fid":1.8999999985098839}'),
	(83, '1f9f84c4-34ed-41e8-8795-36d6624cccb0', '2023-10-07 21:48:48', '{"totalTime":296.80000000447035,"fetchTime":311,"latency":287,"timeToFirstByte":272.80000000447035,"redirectTime":0,"dnsTime":0,"pageLoadTime":2868,"domInteractiveTime":549,"domInteractiveToComplete":2318.7000000029802,"onload":0,"firstPaint":2417.7000000029802,"firstContentfulPaint":2417.7000000029802}'),
	(84, '1f9f84c4-34ed-41e8-8795-36d6624cccb0', '2023-10-07 21:48:48', '{"lcp":2417.7000000029802}'),
	(85, '1f9f84c4-34ed-41e8-8795-36d6624cccb0', '2023-10-07 21:49:17', '{"cls":0.010846520862358188}'),
	(86, '1f9f84c4-34ed-41e8-8795-36d6624cccb0', '2023-10-07 21:53:32', '{"cls":0.03371087598722973}'),
	(87, 'c73c7bc4-a2b7-4410-9197-17121e4c2cd6', '2023-10-08 11:09:25', '{"fid":13.300000000046566}'),
	(88, 'c73c7bc4-a2b7-4410-9197-17121e4c2cd6', '2023-10-08 11:09:25', '{"totalTime":12246,"fetchTime":12271,"latency":12260.90000000014,"timeToFirstByte":12235.90000000014,"redirectTime":0,"dnsTime":0,"pageLoadTime":16532,"domInteractiveTime":13108.59999999986,"domInteractiveToComplete":3423.100000000093,"onload":0,"firstPaint":14799.800000000047,"firstContentfulPaint":14799.800000000047}'),
	(89, 'c73c7bc4-a2b7-4410-9197-17121e4c2cd6', '2023-10-08 11:09:27', '{"lcp":14799.800000000047}'),
	(90, 'c73c7bc4-a2b7-4410-9197-17121e4c2cd6', '2023-10-08 11:10:13', '{"cls":0.00040887410208682883}'),
	(91, '8f664d63-2a6d-4eb2-8a99-4bb356bc24ae', '2023-10-08 11:10:21', '{"totalTime":1290.6000000000931,"fetchTime":1293.8000000000466,"latency":1286.1999999999534,"timeToFirstByte":1283,"redirectTime":0,"dnsTime":0,"pageLoadTime":6020.399999999907,"domInteractiveTime":1804.8999999999069,"domInteractiveToComplete":4214.600000000093,"onload":0,"firstPaint":4688.5,"firstContentfulPaint":4688.5}'),
	(92, '8f664d63-2a6d-4eb2-8a99-4bb356bc24ae', '2023-10-08 11:10:25', '{"lcp":4688.5}'),
	(93, '8f664d63-2a6d-4eb2-8a99-4bb356bc24ae', '2023-10-08 11:10:29', '{"fid":13.900000000139698}'),
	(94, '8f664d63-2a6d-4eb2-8a99-4bb356bc24ae', '2023-10-08 11:11:02', '{"cls":0.0002873932281122437}'),
	(95, 'bf4c1d4e-5902-46bc-92db-b9182d81cf40', '2023-10-08 11:11:09', '{"totalTime":941.6999999999534,"fetchTime":944.1999999999534,"latency":939.5,"timeToFirstByte":937,"redirectTime":0,"dnsTime":0,"pageLoadTime":4963.199999999953,"domInteractiveTime":1188.8999999999069,"domInteractiveToComplete":3773.100000000093,"onload":0,"firstPaint":2946.3000000000466,"firstContentfulPaint":2946.3000000000466}'),
	(96, '60a449ab-ebbc-4bcf-8ae8-ca367f9bc014', '2023-10-08 11:11:33', '{"totalTime":1103.1999999999534,"fetchTime":1207.8999999999069,"latency":1205.6999999999534,"timeToFirstByte":1101,"redirectTime":0,"dnsTime":0,"pageLoadTime":8060.90000000014,"domInteractiveTime":1680.8000000000466,"domInteractiveToComplete":6374.800000000047,"onload":0,"firstPaint":4618.699999999953,"firstContentfulPaint":4618.699999999953}'),
	(97, '60a449ab-ebbc-4bcf-8ae8-ca367f9bc014', '2023-10-08 11:11:34', '{"lcp":4618.699999999953}'),
	(98, '60a449ab-ebbc-4bcf-8ae8-ca367f9bc014', '2023-10-08 11:11:34', '{"fid":13}'),
	(99, '60a449ab-ebbc-4bcf-8ae8-ca367f9bc014', '2023-10-08 11:11:53', '{"cls":0.0032718291596414988}'),
	(100, '818742a1-e129-40a5-b27e-f396d0acb5cb', '2023-10-08 11:12:02', '{"totalTime":222.0999999998603,"fetchTime":224.69999999995343,"latency":221.80000000004657,"timeToFirstByte":219.19999999995343,"redirectTime":0,"dnsTime":0,"pageLoadTime":8631.600000000093,"domInteractiveTime":590,"domInteractiveToComplete":8040.800000000047,"onload":0,"firstPaint":3415.100000000093,"firstContentfulPaint":3415.100000000093}'),
	(101, '448387a1-b6c1-43f4-934d-a691e7224cff', '2023-10-08 11:15:29', '{"totalTime":1576,"fetchTime":1580.3000000002794,"latency":1569.8000000002794,"timeToFirstByte":1565.5,"redirectTime":0,"dnsTime":0,"pageLoadTime":6064.100000000093,"domInteractiveTime":1841.2000000001863,"domInteractiveToComplete":4222.5,"onload":0,"firstPaint":4424.100000000093,"firstContentfulPaint":4424.100000000093}'),
	(102, '448387a1-b6c1-43f4-934d-a691e7224cff', '2023-10-08 11:15:29', '{"fid":5.7000000001862645}'),
	(103, '448387a1-b6c1-43f4-934d-a691e7224cff', '2023-10-08 11:15:30', '{"lcp":8023.799999999814}'),
	(104, '448387a1-b6c1-43f4-934d-a691e7224cff', '2023-10-08 11:15:44', '{"cls":0.0010490025042859804}'),
	(105, '448387a1-b6c1-43f4-934d-a691e7224cff', '2023-10-08 11:18:48', '{"cls":0.008501162849456515}'),
	(106, '9ded3b67-d8ae-4836-83b6-c7859b3cf5bd', '2023-10-08 11:20:07', '{"totalTime":87.70000000018626,"fetchTime":91.20000000018626,"latency":69.20000000018626,"timeToFirstByte":65.70000000018626,"redirectTime":0,"dnsTime":0,"pageLoadTime":4991.300000000279,"domInteractiveTime":373.20000000018626,"domInteractiveToComplete":4617.699999999721,"onload":0,"firstPaint":3296.8000000002794,"firstContentfulPaint":3296.8000000002794}'),
	(107, '9ded3b67-d8ae-4836-83b6-c7859b3cf5bd', '2023-10-08 11:20:07', '{"fid":3}'),
	(108, '9ded3b67-d8ae-4836-83b6-c7859b3cf5bd', '2023-10-08 11:20:09', '{"lcp":6496.5}'),
	(109, '9ded3b67-d8ae-4836-83b6-c7859b3cf5bd', '2023-10-08 11:20:10', '{"cls":0.00014464009486535984}'),
	(110, '9ded3b67-d8ae-4836-83b6-c7859b3cf5bd', '2023-10-08 11:21:59', '{"cls":0.000956850565593745}'),
	(111, '340d9118-01ec-42ba-83d2-7965e7edb548', '2023-10-10 08:32:46', '{"totalTime":131028.80000000075,"fetchTime":131035.20000000019,"latency":130633.59999999963,"timeToFirstByte":130627.20000000019,"redirectTime":0,"dnsTime":0,"pageLoadTime":420737.2000000002,"domInteractiveTime":136715,"domInteractiveToComplete":284022,"onload":0,"firstPaint":421129.4000000004,"firstContentfulPaint":421129.4000000004}'),
	(112, '340d9118-01ec-42ba-83d2-7965e7edb548', '2023-10-10 08:32:47', '{"fid":3.7000000001862645}'),
	(113, '340d9118-01ec-42ba-83d2-7965e7edb548', '2023-10-10 08:32:47', '{"lcp":421129.4000000004}'),
	(114, '340d9118-01ec-42ba-83d2-7965e7edb548', '2023-10-10 08:32:49', '{"cls":0.0029181131936115256}'),
	(115, 'b4577e24-4ddd-49a6-a6ea-8a622046528e', '2023-10-10 09:09:47', '{"totalTime":96281.20000000019,"fetchTime":96291.70000000019,"latency":92592.80000000075,"timeToFirstByte":92582.30000000075,"redirectTime":0,"dnsTime":0,"pageLoadTime":560429.2999999998,"domInteractiveTime":107572.10000000056,"domInteractiveToComplete":452857.0999999996,"onload":0,"firstPaint":2218008.3,"firstContentfulPaint":2218008.3}'),
	(116, 'b4577e24-4ddd-49a6-a6ea-8a622046528e', '2023-10-10 09:09:47', '{"fid":2.599999999627471}'),
	(117, 'b4577e24-4ddd-49a6-a6ea-8a622046528e', '2023-10-10 09:09:49', '{"cls":0.000059071141868096336}'),
	(118, 'b4577e24-4ddd-49a6-a6ea-8a622046528e', '2023-10-10 09:09:49', '{"lcp":2218008.3}'),
	(119, 'b4577e24-4ddd-49a6-a6ea-8a622046528e', '2023-10-10 09:14:58', '{"cls":0.0020879849313711783}'),
	(120, 'b4577e24-4ddd-49a6-a6ea-8a622046528e', '2023-10-10 09:20:49', '{"totalTime":96281.20000000019,"fetchTime":96291.70000000019,"latency":92592.80000000075,"timeToFirstByte":92582.30000000075,"redirectTime":0,"dnsTime":0,"pageLoadTime":560429.2999999998,"domInteractiveTime":107572.10000000056,"domInteractiveToComplete":452857.0999999996,"onload":0,"firstPaint":2218008.3,"firstContentfulPaint":2218008.3}'),
	(121, 'b4577e24-4ddd-49a6-a6ea-8a622046528e', '2023-10-10 09:20:49', '{"fid":2.599999999627471}'),
	(122, 'b4577e24-4ddd-49a6-a6ea-8a622046528e', '2023-10-10 09:20:50', '{"cls":0.0020879849313711783}'),
	(123, 'b4577e24-4ddd-49a6-a6ea-8a622046528e', '2023-10-10 09:20:50', '{"lcp":2218008.3}'),
	(124, 'e7ed4f60-95d8-4df6-9d96-e3a040963241', '2023-10-10 09:51:58', '{"lcp":549950.0999999999}'),
	(125, 'e7ed4f60-95d8-4df6-9d96-e3a040963241', '2023-10-10 09:51:58', '{"cls":0.005556494418863501}'),
	(126, '2cb8e38b-152e-4d73-8f6a-a8795edfeaa3', '2023-10-10 10:12:27', '{"fid":9}'),
	(127, '2cb8e38b-152e-4d73-8f6a-a8795edfeaa3', '2023-10-10 10:12:27', '{"totalTime":484,"fetchTime":489,"latency":489,"timeToFirstByte":484,"redirectTime":0,"dnsTime":0,"pageLoadTime":2081,"domInteractiveTime":829,"domInteractiveToComplete":1252,"onload":2,"firstPaint":0,"firstContentfulPaint":2094}'),
	(128, '6a0b07c6-596c-4f7e-be38-a0859d8126ed', '2023-10-10 10:13:51', '{"totalTime":170,"fetchTime":186,"latency":185,"timeToFirstByte":169,"redirectTime":0,"dnsTime":0,"pageLoadTime":1871,"domInteractiveTime":279,"domInteractiveToComplete":1592,"onload":2,"firstPaint":0,"firstContentfulPaint":7343}'),
	(129, '6a0b07c6-596c-4f7e-be38-a0859d8126ed', '2023-10-10 10:13:52', '{"fid":5}'),
	(130, '7f9b0741-52d8-473b-b9c7-045b77c55a0f', '2023-10-10 10:14:09', '{"totalTime":359,"fetchTime":370,"latency":370,"timeToFirstByte":359,"redirectTime":0,"dnsTime":0,"pageLoadTime":2070,"domInteractiveTime":432,"domInteractiveToComplete":1638,"onload":2,"firstPaint":0,"firstContentfulPaint":2087}'),
	(131, '7f9b0741-52d8-473b-b9c7-045b77c55a0f', '2023-10-10 10:14:19', '{"fid":10}'),
	(132, '90f9abaa-b55f-4ff3-a50d-a888b3aea57e', '2023-10-10 10:15:54', '{"totalTime":797,"fetchTime":799,"latency":799,"timeToFirstByte":797,"redirectTime":0,"dnsTime":0,"pageLoadTime":2467,"domInteractiveTime":1179,"domInteractiveToComplete":1288,"onload":1,"firstPaint":0,"firstContentfulPaint":0}'),
	(133, 'f07e0e2d-61c0-44c3-ba9c-335a4d16aeab', '2023-10-10 10:16:10', '{"fid":7}'),
	(134, 'f07e0e2d-61c0-44c3-ba9c-335a4d16aeab', '2023-10-10 10:16:10', '{"totalTime":89,"fetchTime":103,"latency":102,"timeToFirstByte":88,"redirectTime":0,"dnsTime":0,"pageLoadTime":1755,"domInteractiveTime":169,"domInteractiveToComplete":1586,"onload":2,"firstPaint":0,"firstContentfulPaint":1769}'),
	(135, 'aca86237-047f-43dc-a95c-a6e9c214532b', '2023-10-10 10:16:20', '{"totalTime":62,"fetchTime":69,"latency":69,"timeToFirstByte":62,"redirectTime":0,"dnsTime":0,"pageLoadTime":1764,"domInteractiveTime":131,"domInteractiveToComplete":1633,"onload":2,"firstPaint":0,"firstContentfulPaint":1776}'),
	(136, 'aca86237-047f-43dc-a95c-a6e9c214532b', '2023-10-10 10:16:30', '{"fid":27}'),
	(137, '55612d5b-4e57-46f6-968e-809926e1d0bf', '2023-10-10 10:16:40', '{"totalTime":128,"fetchTime":134,"latency":133,"timeToFirstByte":127,"redirectTime":0,"dnsTime":0,"pageLoadTime":993,"domInteractiveTime":249,"domInteractiveToComplete":744,"onload":1,"firstPaint":0,"firstContentfulPaint":1454}'),
	(138, '55612d5b-4e57-46f6-968e-809926e1d0bf', '2023-10-10 10:16:40', '{"fid":18}'),
	(139, '38abbc8c-9f94-4e89-a04a-9baf62738123', '2023-10-10 11:17:08', '{"fid":12}'),
	(140, '38abbc8c-9f94-4e89-a04a-9baf62738123', '2023-10-10 11:17:08', '{"totalTime":1175,"fetchTime":1183,"latency":1183,"timeToFirstByte":1175,"redirectTime":27,"dnsTime":0,"pageLoadTime":2849,"domInteractiveTime":1275,"domInteractiveToComplete":1574,"onload":1,"firstPaint":0,"firstContentfulPaint":3066}'),
	(141, '38abbc8c-9f94-4e89-a04a-9baf62738123', '2023-10-10 11:17:55', '{"totalTime":1175,"fetchTime":1183,"latency":1183,"timeToFirstByte":1175,"redirectTime":27,"dnsTime":0,"pageLoadTime":2849,"domInteractiveTime":1275,"domInteractiveToComplete":1574,"onload":1,"firstPaint":0,"firstContentfulPaint":3066}'),
	(142, '38abbc8c-9f94-4e89-a04a-9baf62738123', '2023-10-10 11:17:56', '{"fid":12}'),
	(143, '38abbc8c-9f94-4e89-a04a-9baf62738123', '2023-10-10 11:19:59', '{"totalTime":1175,"fetchTime":1183,"latency":1183,"timeToFirstByte":1175,"redirectTime":27,"dnsTime":0,"pageLoadTime":2849,"domInteractiveTime":1275,"domInteractiveToComplete":1574,"onload":1,"firstPaint":0,"firstContentfulPaint":3066}'),
	(144, '38abbc8c-9f94-4e89-a04a-9baf62738123', '2023-10-10 11:19:59', '{"fid":12}'),
	(145, '667164d6-362d-4368-b153-edf30b8bfc6c', '2023-10-10 11:33:26', '{"totalTime":734.0999999996275,"fetchTime":739.2999999998137,"latency":726.7999999998137,"timeToFirstByte":721.5999999996275,"redirectTime":0,"dnsTime":0.09999999962747097,"pageLoadTime":2237.100000000559,"domInteractiveTime":785.9000000003725,"domInteractiveToComplete":1451.2000000001863,"onload":0,"firstPaint":2355,"firstContentfulPaint":2355}'),
	(146, '667164d6-362d-4368-b153-edf30b8bfc6c', '2023-10-10 11:33:26', '{"fid":0.6000000005587935}'),
	(147, '667164d6-362d-4368-b153-edf30b8bfc6c', '2023-10-10 11:33:26', '{"lcp":4421.4000000003725}'),
	(148, '667164d6-362d-4368-b153-edf30b8bfc6c', '2023-10-10 11:34:05', '{"cls":0.000027695900482657066}'),
	(149, 'fd6e8809-5298-4e02-b439-0eb40d3ea923', '2023-10-10 11:34:12', '{"totalTime":72,"fetchTime":74,"latency":72.70000000018626,"timeToFirstByte":70.70000000018626,"redirectTime":0,"dnsTime":0,"pageLoadTime":1938.5999999996275,"domInteractiveTime":144.5,"domInteractiveToComplete":1794.0999999996275,"onload":0,"firstPaint":2138,"firstContentfulPaint":2138}'),
	(150, 'fd6e8809-5298-4e02-b439-0eb40d3ea923', '2023-10-10 11:36:19', '{"totalTime":72,"fetchTime":74,"latency":72.70000000018626,"timeToFirstByte":70.70000000018626,"redirectTime":0,"dnsTime":0,"pageLoadTime":1938.5999999996275,"domInteractiveTime":144.5,"domInteractiveToComplete":1794.0999999996275,"onload":0,"firstPaint":2138,"firstContentfulPaint":2138}'),
	(151, 'fd6e8809-5298-4e02-b439-0eb40d3ea923', '2023-10-10 11:36:48', '{"lcp":102811.19999999925}'),
	(152, 'fd6e8809-5298-4e02-b439-0eb40d3ea923', '2023-10-10 11:36:48', '{"lcp":102811.19999999925}'),
	(153, 'fd6e8809-5298-4e02-b439-0eb40d3ea923', '2023-10-10 11:36:48', '{"fid":1}'),
	(154, 'fd6e8809-5298-4e02-b439-0eb40d3ea923', '2023-10-10 11:36:48', '{"fid":1}'),
	(155, 'fd6e8809-5298-4e02-b439-0eb40d3ea923', '2023-10-10 11:36:53', '{"cls":0.001469934574819219}'),
	(156, 'fd6e8809-5298-4e02-b439-0eb40d3ea923', '2023-10-10 11:36:53', '{"cls":0.001469934574819219}'),
	(157, '85bc7bc9-5c9c-47cb-8cdd-468bf7189de3', '2023-10-10 11:37:00', '{"totalTime":1031.4000000003725,"fetchTime":1032.5999999996275,"latency":1031.8999999994412,"timeToFirstByte":1030.7000000001863,"redirectTime":0,"dnsTime":0,"pageLoadTime":2706.7999999998137,"domInteractiveTime":1091.5,"domInteractiveToComplete":1615.199999999255,"onload":0,"firstPaint":2871.899999999441,"firstContentfulPaint":2871.899999999441}'),
	(158, '85bc7bc9-5c9c-47cb-8cdd-468bf7189de3', '2023-10-10 11:37:00', '{"fid":0.40000000037252903}'),
	(159, '85bc7bc9-5c9c-47cb-8cdd-468bf7189de3', '2023-10-10 11:37:19', '{"lcp":3805.0999999996275}'),
	(160, '85bc7bc9-5c9c-47cb-8cdd-468bf7189de3', '2023-10-10 11:37:21', '{"cls":0.0006746578338605293}'),
	(161, '6276bd82-e7eb-4a2f-b81f-08544ffa36fe', '2023-10-10 11:37:28', '{"totalTime":158.20000000018626,"fetchTime":160.70000000018626,"latency":159.79999999981374,"timeToFirstByte":157.29999999981374,"redirectTime":0,"dnsTime":0,"pageLoadTime":1377.8999999994412,"domInteractiveTime":811.8999999994412,"domInteractiveToComplete":566,"onload":0,"firstPaint":2172.7999999998137,"firstContentfulPaint":2172.7999999998137}'),
	(162, '6276bd82-e7eb-4a2f-b81f-08544ffa36fe', '2023-10-10 11:37:29', '{"lcp":2306.199999999255}'),
	(163, '6276bd82-e7eb-4a2f-b81f-08544ffa36fe', '2023-10-10 11:37:29', '{"fid":0.39999999944120646}'),
	(164, '6276bd82-e7eb-4a2f-b81f-08544ffa36fe', '2023-10-10 11:38:20', '{"cls":0.0006746578338605293}'),
	(165, '770d6d56-798e-410c-93ac-60a4ebe14d1d', '2023-10-10 11:38:32', '{"totalTime":471.70000000018626,"fetchTime":474.5,"latency":473.70000000018626,"timeToFirstByte":470.90000000037253,"redirectTime":0,"dnsTime":0,"pageLoadTime":1197.9000000003725,"domInteractiveTime":516.7000000001863,"domInteractiveToComplete":681.2000000001863,"onload":0,"firstPaint":2116.4000000003725,"firstContentfulPaint":2116.4000000003725}'),
	(166, '770d6d56-798e-410c-93ac-60a4ebe14d1d', '2023-10-10 11:38:32', '{"fid":5}'),
	(167, '770d6d56-798e-410c-93ac-60a4ebe14d1d', '2023-10-10 11:39:14', '{"lcp":2233}'),
	(168, '770d6d56-798e-410c-93ac-60a4ebe14d1d', '2023-10-10 11:39:14', '{"cls":0.0007452726336396525}'),
	(169, 'c2e4e2dd-b0c8-4b9c-bb14-72f3235d257b', '2023-10-10 11:39:21', '{"totalTime":1172.2999999998137,"fetchTime":1173.2999999998137,"latency":1172.2999999998137,"timeToFirstByte":1171.2999999998137,"redirectTime":0,"dnsTime":0,"pageLoadTime":2713.9000000003725,"domInteractiveTime":1215.7999999998137,"domInteractiveToComplete":1498,"onload":0,"firstPaint":2835.600000000559,"firstContentfulPaint":2835.600000000559}'),
	(170, 'c2e4e2dd-b0c8-4b9c-bb14-72f3235d257b', '2023-10-10 11:39:28', '{"lcp":3718.7999999998137}'),
	(171, 'c2e4e2dd-b0c8-4b9c-bb14-72f3235d257b', '2023-10-10 11:39:28', '{"fid":0.7000000001862645}'),
	(172, 'c2e4e2dd-b0c8-4b9c-bb14-72f3235d257b', '2023-10-10 11:39:59', '{"cls":0.0009883010269528978}'),
	(173, '2ce29ffc-86a2-4556-bccb-98729aacdbe8', '2023-10-10 11:40:06', '{"totalTime":398,"fetchTime":400.5,"latency":399.90000000037253,"timeToFirstByte":397.40000000037253,"redirectTime":0,"dnsTime":0,"pageLoadTime":1978.5,"domInteractiveTime":462.29999999981374,"domInteractiveToComplete":1516.1000000005588,"onload":0,"firstPaint":2138.9000000003725,"firstContentfulPaint":2138.9000000003725}'),
	(174, '2ce29ffc-86a2-4556-bccb-98729aacdbe8', '2023-10-10 11:40:54', '{"totalTime":398,"fetchTime":400.5,"latency":399.90000000037253,"timeToFirstByte":397.40000000037253,"redirectTime":0,"dnsTime":0,"pageLoadTime":1978.5,"domInteractiveTime":462.29999999981374,"domInteractiveToComplete":1516.1000000005588,"onload":0,"firstPaint":2138.9000000003725,"firstContentfulPaint":2138.9000000003725}'),
	(175, '2ce29ffc-86a2-4556-bccb-98729aacdbe8', '2023-10-10 11:41:13', '{"lcp":37218.700000000186}'),
	(176, '2ce29ffc-86a2-4556-bccb-98729aacdbe8', '2023-10-10 11:41:13', '{"cls":0.0008528195881025262}'),
	(177, '2ce29ffc-86a2-4556-bccb-98729aacdbe8', '2023-10-10 11:41:13', '{"lcp":37218.700000000186}'),
	(178, 'c4f057dd-0ed6-41b4-a899-79c094d22886', '2023-10-10 11:41:21', '{"totalTime":970.7999999998137,"fetchTime":973.2000000001863,"latency":972.4000000003725,"timeToFirstByte":970,"redirectTime":0,"dnsTime":0,"pageLoadTime":2919.7999999998137,"domInteractiveTime":1608.2999999998137,"domInteractiveToComplete":1311.4000000003725,"onload":0,"firstPaint":3607.9000000003725,"firstContentfulPaint":3607.9000000003725}'),
	(179, 'c4f057dd-0ed6-41b4-a899-79c094d22886', '2023-10-10 11:41:21', '{"fid":0.39999999944120646}'),
	(180, 'c4f057dd-0ed6-41b4-a899-79c094d22886', '2023-10-10 11:41:27', '{"lcp":3874.4000000003725}'),
	(181, 'c4f057dd-0ed6-41b4-a899-79c094d22886', '2023-10-10 11:42:09', '{"totalTime":970.7999999998137,"fetchTime":973.2000000001863,"latency":972.4000000003725,"timeToFirstByte":970,"redirectTime":0,"dnsTime":0,"pageLoadTime":2919.7999999998137,"domInteractiveTime":1608.2999999998137,"domInteractiveToComplete":1311.4000000003725,"onload":0,"firstPaint":3607.9000000003725,"firstContentfulPaint":3607.9000000003725}'),
	(182, 'c4f057dd-0ed6-41b4-a899-79c094d22886', '2023-10-10 11:42:09', '{"fid":0.39999999944120646}'),
	(183, 'c4f057dd-0ed6-41b4-a899-79c094d22886', '2023-10-10 11:43:08', '{"totalTime":970.7999999998137,"fetchTime":973.2000000001863,"latency":972.4000000003725,"timeToFirstByte":970,"redirectTime":0,"dnsTime":0,"pageLoadTime":2919.7999999998137,"domInteractiveTime":1608.2999999998137,"domInteractiveToComplete":1311.4000000003725,"onload":0,"firstPaint":3607.9000000003725,"firstContentfulPaint":3607.9000000003725}'),
	(184, 'c4f057dd-0ed6-41b4-a899-79c094d22886', '2023-10-10 11:43:08', '{"fid":0.39999999944120646}'),
	(185, 'c4f057dd-0ed6-41b4-a899-79c094d22886', '2023-10-10 11:43:53', '{"totalTime":970.7999999998137,"fetchTime":973.2000000001863,"latency":972.4000000003725,"timeToFirstByte":970,"redirectTime":0,"dnsTime":0,"pageLoadTime":2919.7999999998137,"domInteractiveTime":1608.2999999998137,"domInteractiveToComplete":1311.4000000003725,"onload":0,"firstPaint":3607.9000000003725,"firstContentfulPaint":3607.9000000003725}'),
	(186, 'c4f057dd-0ed6-41b4-a899-79c094d22886', '2023-10-10 11:43:53', '{"fid":0.39999999944120646}'),
	(187, 'c4f057dd-0ed6-41b4-a899-79c094d22886', '2023-10-10 11:44:30', '{"totalTime":970.7999999998137,"fetchTime":973.2000000001863,"latency":972.4000000003725,"timeToFirstByte":970,"redirectTime":0,"dnsTime":0,"pageLoadTime":2919.7999999998137,"domInteractiveTime":1608.2999999998137,"domInteractiveToComplete":1311.4000000003725,"onload":0,"firstPaint":3607.9000000003725,"firstContentfulPaint":3607.9000000003725}'),
	(188, 'c4f057dd-0ed6-41b4-a899-79c094d22886', '2023-10-10 11:44:30', '{"fid":0.39999999944120646}'),
	(189, 'c4f057dd-0ed6-41b4-a899-79c094d22886', '2023-10-10 11:49:53', '{"fid":0.39999999944120646}'),
	(190, 'c4f057dd-0ed6-41b4-a899-79c094d22886', '2023-10-10 11:49:53', '{"totalTime":970.7999999998137,"fetchTime":973.2000000001863,"latency":972.4000000003725,"timeToFirstByte":970,"redirectTime":0,"dnsTime":0,"pageLoadTime":2919.7999999998137,"domInteractiveTime":1608.2999999998137,"domInteractiveToComplete":1311.4000000003725,"onload":0,"firstPaint":3607.9000000003725,"firstContentfulPaint":3607.9000000003725}'),
	(191, 'c4f057dd-0ed6-41b4-a899-79c094d22886', '2023-10-10 11:50:17', '{"totalTime":970.7999999998137,"fetchTime":973.2000000001863,"latency":972.4000000003725,"timeToFirstByte":970,"redirectTime":0,"dnsTime":0,"pageLoadTime":2919.7999999998137,"domInteractiveTime":1608.2999999998137,"domInteractiveToComplete":1311.4000000003725,"onload":0,"firstPaint":3607.9000000003725,"firstContentfulPaint":3607.9000000003725}'),
	(192, 'c4f057dd-0ed6-41b4-a899-79c094d22886', '2023-10-10 11:50:17', '{"fid":0.39999999944120646}'),
	(193, 'c4f057dd-0ed6-41b4-a899-79c094d22886', '2023-10-10 11:50:27', '{"fid":0.39999999944120646}'),
	(194, 'c4f057dd-0ed6-41b4-a899-79c094d22886', '2023-10-10 11:50:27', '{"totalTime":970.7999999998137,"fetchTime":973.2000000001863,"latency":972.4000000003725,"timeToFirstByte":970,"redirectTime":0,"dnsTime":0,"pageLoadTime":2919.7999999998137,"domInteractiveTime":1608.2999999998137,"domInteractiveToComplete":1311.4000000003725,"onload":0,"firstPaint":3607.9000000003725,"firstContentfulPaint":3607.9000000003725}'),
	(195, 'c4f057dd-0ed6-41b4-a899-79c094d22886', '2023-10-10 11:51:55', '{"lcp":3874.4000000003725}'),
	(196, 'c4f057dd-0ed6-41b4-a899-79c094d22886', '2023-10-10 11:51:55', '{"lcp":3874.4000000003725}'),
	(197, 'c4f057dd-0ed6-41b4-a899-79c094d22886', '2023-10-10 11:51:55', '{"lcp":3874.4000000003725}'),
	(198, 'c4f057dd-0ed6-41b4-a899-79c094d22886', '2023-10-10 11:51:56', '{"lcp":3874.4000000003725}'),
	(199, 'c4f057dd-0ed6-41b4-a899-79c094d22886', '2023-10-10 11:51:56', '{"lcp":3874.4000000003725}'),
	(200, 'c4f057dd-0ed6-41b4-a899-79c094d22886', '2023-10-10 11:51:56', '{"lcp":3874.4000000003725}'),
	(201, 'c4f057dd-0ed6-41b4-a899-79c094d22886', '2023-10-10 11:51:56', '{"lcp":3874.4000000003725}'),
	(202, 'c4f057dd-0ed6-41b4-a899-79c094d22886', '2023-10-10 11:51:57', '{"cls":0.0031633319726064677}'),
	(203, 'c4f057dd-0ed6-41b4-a899-79c094d22886', '2023-10-10 11:54:17', '{"totalTime":970.7999999998137,"fetchTime":973.2000000001863,"latency":972.4000000003725,"timeToFirstByte":970,"redirectTime":0,"dnsTime":0,"pageLoadTime":2919.7999999998137,"domInteractiveTime":1608.2999999998137,"domInteractiveToComplete":1311.4000000003725,"onload":0,"firstPaint":3607.9000000003725,"firstContentfulPaint":3607.9000000003725}'),
	(204, 'c4f057dd-0ed6-41b4-a899-79c094d22886', '2023-10-10 11:54:17', '{"fid":0.39999999944120646}'),
	(205, 'c4f057dd-0ed6-41b4-a899-79c094d22886', '2023-10-10 11:55:36', '{"fid":0.39999999944120646}'),
	(206, 'c4f057dd-0ed6-41b4-a899-79c094d22886', '2023-10-10 11:55:36', '{"totalTime":970.7999999998137,"fetchTime":973.2000000001863,"latency":972.4000000003725,"timeToFirstByte":970,"redirectTime":0,"dnsTime":0,"pageLoadTime":2919.7999999998137,"domInteractiveTime":1608.2999999998137,"domInteractiveToComplete":1311.4000000003725,"onload":0,"firstPaint":3607.9000000003725,"firstContentfulPaint":3607.9000000003725}'),
	(207, 'c4f057dd-0ed6-41b4-a899-79c094d22886', '2023-10-10 11:55:49', '{"fid":0.39999999944120646}'),
	(208, 'c4f057dd-0ed6-41b4-a899-79c094d22886', '2023-10-10 11:55:49', '{"totalTime":970.7999999998137,"fetchTime":973.2000000001863,"latency":972.4000000003725,"timeToFirstByte":970,"redirectTime":0,"dnsTime":0,"pageLoadTime":2919.7999999998137,"domInteractiveTime":1608.2999999998137,"domInteractiveToComplete":1311.4000000003725,"onload":0,"firstPaint":3607.9000000003725,"firstContentfulPaint":3607.9000000003725}'),
	(209, 'c4f057dd-0ed6-41b4-a899-79c094d22886', '2023-10-10 11:57:15', '{"lcp":3874.4000000003725}'),
	(210, 'c4f057dd-0ed6-41b4-a899-79c094d22886', '2023-10-10 11:57:15', '{"lcp":3874.4000000003725}'),
	(211, 'c4f057dd-0ed6-41b4-a899-79c094d22886', '2023-10-10 11:57:15', '{"lcp":3874.4000000003725}'),
	(212, 'c4f057dd-0ed6-41b4-a899-79c094d22886', '2023-10-10 11:57:51', '{"totalTime":970.7999999998137,"fetchTime":973.2000000001863,"latency":972.4000000003725,"timeToFirstByte":970,"redirectTime":0,"dnsTime":0,"pageLoadTime":2919.7999999998137,"domInteractiveTime":1608.2999999998137,"domInteractiveToComplete":1311.4000000003725,"onload":0,"firstPaint":3607.9000000003725,"firstContentfulPaint":3607.9000000003725}'),
	(213, 'c4f057dd-0ed6-41b4-a899-79c094d22886', '2023-10-10 11:57:51', '{"fid":0.39999999944120646}'),
	(214, 'c4f057dd-0ed6-41b4-a899-79c094d22886', '2023-10-10 11:58:15', '{"totalTime":970.7999999998137,"fetchTime":973.2000000001863,"latency":972.4000000003725,"timeToFirstByte":970,"redirectTime":0,"dnsTime":0,"pageLoadTime":2919.7999999998137,"domInteractiveTime":1608.2999999998137,"domInteractiveToComplete":1311.4000000003725,"onload":0,"firstPaint":3607.9000000003725,"firstContentfulPaint":3607.9000000003725}'),
	(215, 'c4f057dd-0ed6-41b4-a899-79c094d22886', '2023-10-10 11:58:15', '{"fid":0.39999999944120646}'),
	(216, 'c4f057dd-0ed6-41b4-a899-79c094d22886', '2023-10-10 11:59:33', '{"fid":0.39999999944120646}'),
	(217, 'c4f057dd-0ed6-41b4-a899-79c094d22886', '2023-10-10 11:59:33', '{"totalTime":970.7999999998137,"fetchTime":973.2000000001863,"latency":972.4000000003725,"timeToFirstByte":970,"redirectTime":0,"dnsTime":0,"pageLoadTime":2919.7999999998137,"domInteractiveTime":1608.2999999998137,"domInteractiveToComplete":1311.4000000003725,"onload":0,"firstPaint":3607.9000000003725,"firstContentfulPaint":3607.9000000003725}'),
	(218, 'c4f057dd-0ed6-41b4-a899-79c094d22886', '2023-10-10 12:02:11', '{"fid":0.39999999944120646}'),
	(219, 'c4f057dd-0ed6-41b4-a899-79c094d22886', '2023-10-10 12:02:11', '{"totalTime":970.7999999998137,"fetchTime":973.2000000001863,"latency":972.4000000003725,"timeToFirstByte":970,"redirectTime":0,"dnsTime":0,"pageLoadTime":2919.7999999998137,"domInteractiveTime":1608.2999999998137,"domInteractiveToComplete":1311.4000000003725,"onload":0,"firstPaint":3607.9000000003725,"firstContentfulPaint":3607.9000000003725}'),
	(220, 'c4f057dd-0ed6-41b4-a899-79c094d22886', '2023-10-10 12:02:14', '{"lcp":3874.4000000003725}'),
	(221, 'c4f057dd-0ed6-41b4-a899-79c094d22886', '2023-10-10 12:02:14', '{"lcp":3874.4000000003725}'),
	(222, 'c4f057dd-0ed6-41b4-a899-79c094d22886', '2023-10-10 12:02:14', '{"lcp":3874.4000000003725}'),
	(223, 'c4f057dd-0ed6-41b4-a899-79c094d22886', '2023-10-10 12:02:14', '{"lcp":3874.4000000003725}'),
	(224, 'c4f057dd-0ed6-41b4-a899-79c094d22886', '2023-10-10 12:04:42', '{"cls":0.0031633319726064677}'),
	(225, 'c4f057dd-0ed6-41b4-a899-79c094d22886', '2023-10-10 12:07:30', '{"totalTime":970.7999999998137,"fetchTime":973.2000000001863,"latency":972.4000000003725,"timeToFirstByte":970,"redirectTime":0,"dnsTime":0,"pageLoadTime":2919.7999999998137,"domInteractiveTime":1608.2999999998137,"domInteractiveToComplete":1311.4000000003725,"onload":0,"firstPaint":3607.9000000003725,"firstContentfulPaint":3607.9000000003725}'),
	(226, 'c4f057dd-0ed6-41b4-a899-79c094d22886', '2023-10-10 12:07:30', '{"fid":0.39999999944120646}'),
	(227, 'c4f057dd-0ed6-41b4-a899-79c094d22886', '2023-10-10 12:07:48', '{"fid":0.39999999944120646}'),
	(228, 'c4f057dd-0ed6-41b4-a899-79c094d22886', '2023-10-10 12:07:48', '{"totalTime":970.7999999998137,"fetchTime":973.2000000001863,"latency":972.4000000003725,"timeToFirstByte":970,"redirectTime":0,"dnsTime":0,"pageLoadTime":2919.7999999998137,"domInteractiveTime":1608.2999999998137,"domInteractiveToComplete":1311.4000000003725,"onload":0,"firstPaint":3607.9000000003725,"firstContentfulPaint":3607.9000000003725}'),
	(229, 'c4f057dd-0ed6-41b4-a899-79c094d22886', '2023-10-10 12:08:39', '{"totalTime":970.7999999998137,"fetchTime":973.2000000001863,"latency":972.4000000003725,"timeToFirstByte":970,"redirectTime":0,"dnsTime":0,"pageLoadTime":2919.7999999998137,"domInteractiveTime":1608.2999999998137,"domInteractiveToComplete":1311.4000000003725,"onload":0,"firstPaint":3607.9000000003725,"firstContentfulPaint":3607.9000000003725}'),
	(230, 'c4f057dd-0ed6-41b4-a899-79c094d22886', '2023-10-10 12:08:39', '{"fid":0.39999999944120646}'),
	(231, 'c4f057dd-0ed6-41b4-a899-79c094d22886', '2023-10-10 12:09:30', '{"totalTime":970.7999999998137,"fetchTime":973.2000000001863,"latency":972.4000000003725,"timeToFirstByte":970,"redirectTime":0,"dnsTime":0,"pageLoadTime":2919.7999999998137,"domInteractiveTime":1608.2999999998137,"domInteractiveToComplete":1311.4000000003725,"onload":0,"firstPaint":3607.9000000003725,"firstContentfulPaint":3607.9000000003725}'),
	(232, 'c4f057dd-0ed6-41b4-a899-79c094d22886', '2023-10-10 12:09:30', '{"fid":0.39999999944120646}'),
	(233, 'c4f057dd-0ed6-41b4-a899-79c094d22886', '2023-10-10 12:09:55', '{"totalTime":970.7999999998137,"fetchTime":973.2000000001863,"latency":972.4000000003725,"timeToFirstByte":970,"redirectTime":0,"dnsTime":0,"pageLoadTime":2919.7999999998137,"domInteractiveTime":1608.2999999998137,"domInteractiveToComplete":1311.4000000003725,"onload":0,"firstPaint":3607.9000000003725,"firstContentfulPaint":3607.9000000003725}'),
	(234, 'c4f057dd-0ed6-41b4-a899-79c094d22886', '2023-10-10 12:09:55', '{"fid":0.39999999944120646}'),
	(235, 'c4f057dd-0ed6-41b4-a899-79c094d22886', '2023-10-10 12:13:49', '{"totalTime":970.7999999998137,"fetchTime":973.2000000001863,"latency":972.4000000003725,"timeToFirstByte":970,"redirectTime":0,"dnsTime":0,"pageLoadTime":2919.7999999998137,"domInteractiveTime":1608.2999999998137,"domInteractiveToComplete":1311.4000000003725,"onload":0,"firstPaint":3607.9000000003725,"firstContentfulPaint":3607.9000000003725}'),
	(236, 'c4f057dd-0ed6-41b4-a899-79c094d22886', '2023-10-10 12:13:49', '{"fid":0.39999999944120646}'),
	(237, 'c4f057dd-0ed6-41b4-a899-79c094d22886', '2023-10-10 12:14:04', '{"totalTime":970.7999999998137,"fetchTime":973.2000000001863,"latency":972.4000000003725,"timeToFirstByte":970,"redirectTime":0,"dnsTime":0,"pageLoadTime":2919.7999999998137,"domInteractiveTime":1608.2999999998137,"domInteractiveToComplete":1311.4000000003725,"onload":0,"firstPaint":3607.9000000003725,"firstContentfulPaint":3607.9000000003725}'),
	(238, 'c4f057dd-0ed6-41b4-a899-79c094d22886', '2023-10-10 12:14:04', '{"fid":0.39999999944120646}'),
	(239, 'c4f057dd-0ed6-41b4-a899-79c094d22886', '2023-10-10 12:15:37', '{"totalTime":970.7999999998137,"fetchTime":973.2000000001863,"latency":972.4000000003725,"timeToFirstByte":970,"redirectTime":0,"dnsTime":0,"pageLoadTime":2919.7999999998137,"domInteractiveTime":1608.2999999998137,"domInteractiveToComplete":1311.4000000003725,"onload":0,"firstPaint":3607.9000000003725,"firstContentfulPaint":3607.9000000003725}'),
	(240, 'c4f057dd-0ed6-41b4-a899-79c094d22886', '2023-10-10 12:15:37', '{"fid":0.39999999944120646}'),
	(241, 'c4f057dd-0ed6-41b4-a899-79c094d22886', '2023-10-10 12:16:21', '{"totalTime":970.7999999998137,"fetchTime":973.2000000001863,"latency":972.4000000003725,"timeToFirstByte":970,"redirectTime":0,"dnsTime":0,"pageLoadTime":2919.7999999998137,"domInteractiveTime":1608.2999999998137,"domInteractiveToComplete":1311.4000000003725,"onload":0,"firstPaint":3607.9000000003725,"firstContentfulPaint":3607.9000000003725}'),
	(242, 'c4f057dd-0ed6-41b4-a899-79c094d22886', '2023-10-10 12:16:21', '{"fid":0.39999999944120646}'),
	(243, 'c4f057dd-0ed6-41b4-a899-79c094d22886', '2023-10-10 12:16:40', '{"totalTime":970.7999999998137,"fetchTime":973.2000000001863,"latency":972.4000000003725,"timeToFirstByte":970,"redirectTime":0,"dnsTime":0,"pageLoadTime":2919.7999999998137,"domInteractiveTime":1608.2999999998137,"domInteractiveToComplete":1311.4000000003725,"onload":0,"firstPaint":3607.9000000003725,"firstContentfulPaint":3607.9000000003725}'),
	(244, 'c4f057dd-0ed6-41b4-a899-79c094d22886', '2023-10-10 12:16:40', '{"fid":0.39999999944120646}'),
	(245, 'c4f057dd-0ed6-41b4-a899-79c094d22886', '2023-10-10 12:16:56', '{"totalTime":970.7999999998137,"fetchTime":973.2000000001863,"latency":972.4000000003725,"timeToFirstByte":970,"redirectTime":0,"dnsTime":0,"pageLoadTime":2919.7999999998137,"domInteractiveTime":1608.2999999998137,"domInteractiveToComplete":1311.4000000003725,"onload":0,"firstPaint":3607.9000000003725,"firstContentfulPaint":3607.9000000003725}'),
	(246, 'c4f057dd-0ed6-41b4-a899-79c094d22886', '2023-10-10 12:16:56', '{"fid":0.39999999944120646}'),
	(247, 'c4f057dd-0ed6-41b4-a899-79c094d22886', '2023-10-10 12:17:20', '{"fid":0.39999999944120646}'),
	(248, 'c4f057dd-0ed6-41b4-a899-79c094d22886', '2023-10-10 12:17:20', '{"totalTime":970.7999999998137,"fetchTime":973.2000000001863,"latency":972.4000000003725,"timeToFirstByte":970,"redirectTime":0,"dnsTime":0,"pageLoadTime":2919.7999999998137,"domInteractiveTime":1608.2999999998137,"domInteractiveToComplete":1311.4000000003725,"onload":0,"firstPaint":3607.9000000003725,"firstContentfulPaint":3607.9000000003725}'),
	(249, 'c4f057dd-0ed6-41b4-a899-79c094d22886', '2023-10-10 12:18:42', '{"totalTime":970.7999999998137,"fetchTime":973.2000000001863,"latency":972.4000000003725,"timeToFirstByte":970,"redirectTime":0,"dnsTime":0,"pageLoadTime":2919.7999999998137,"domInteractiveTime":1608.2999999998137,"domInteractiveToComplete":1311.4000000003725,"onload":0,"firstPaint":3607.9000000003725,"firstContentfulPaint":3607.9000000003725}'),
	(250, 'c4f057dd-0ed6-41b4-a899-79c094d22886', '2023-10-10 12:18:42', '{"fid":0.39999999944120646}'),
	(251, 'c4f057dd-0ed6-41b4-a899-79c094d22886', '2023-10-10 12:25:08', '{"totalTime":970.7999999998137,"fetchTime":973.2000000001863,"latency":972.4000000003725,"timeToFirstByte":970,"redirectTime":0,"dnsTime":0,"pageLoadTime":2919.7999999998137,"domInteractiveTime":1608.2999999998137,"domInteractiveToComplete":1311.4000000003725,"onload":0,"firstPaint":3607.9000000003725,"firstContentfulPaint":3607.9000000003725}'),
	(252, 'c4f057dd-0ed6-41b4-a899-79c094d22886', '2023-10-10 12:25:08', '{"fid":0.39999999944120646}'),
	(253, 'c4f057dd-0ed6-41b4-a899-79c094d22886', '2023-10-10 12:25:16', '{"totalTime":970.7999999998137,"fetchTime":973.2000000001863,"latency":972.4000000003725,"timeToFirstByte":970,"redirectTime":0,"dnsTime":0,"pageLoadTime":2919.7999999998137,"domInteractiveTime":1608.2999999998137,"domInteractiveToComplete":1311.4000000003725,"onload":0,"firstPaint":3607.9000000003725,"firstContentfulPaint":3607.9000000003725}'),
	(254, 'c4f057dd-0ed6-41b4-a899-79c094d22886', '2023-10-10 12:25:16', '{"fid":0.39999999944120646}'),
	(255, 'c4f057dd-0ed6-41b4-a899-79c094d22886', '2023-10-10 12:25:38', '{"totalTime":970.7999999998137,"fetchTime":973.2000000001863,"latency":972.4000000003725,"timeToFirstByte":970,"redirectTime":0,"dnsTime":0,"pageLoadTime":2919.7999999998137,"domInteractiveTime":1608.2999999998137,"domInteractiveToComplete":1311.4000000003725,"onload":0,"firstPaint":3607.9000000003725,"firstContentfulPaint":3607.9000000003725}'),
	(256, 'c4f057dd-0ed6-41b4-a899-79c094d22886', '2023-10-10 12:25:38', '{"fid":0.39999999944120646}'),
	(257, 'c4f057dd-0ed6-41b4-a899-79c094d22886', '2023-10-10 12:28:40', '{"totalTime":970.7999999998137,"fetchTime":973.2000000001863,"latency":972.4000000003725,"timeToFirstByte":970,"redirectTime":0,"dnsTime":0,"pageLoadTime":2919.7999999998137,"domInteractiveTime":1608.2999999998137,"domInteractiveToComplete":1311.4000000003725,"onload":0,"firstPaint":3607.9000000003725,"firstContentfulPaint":3607.9000000003725}'),
	(258, 'c4f057dd-0ed6-41b4-a899-79c094d22886', '2023-10-10 12:28:40', '{"fid":0.39999999944120646}'),
	(259, 'c4f057dd-0ed6-41b4-a899-79c094d22886', '2023-10-10 12:28:56', '{"totalTime":970.7999999998137,"fetchTime":973.2000000001863,"latency":972.4000000003725,"timeToFirstByte":970,"redirectTime":0,"dnsTime":0,"pageLoadTime":2919.7999999998137,"domInteractiveTime":1608.2999999998137,"domInteractiveToComplete":1311.4000000003725,"onload":0,"firstPaint":3607.9000000003725,"firstContentfulPaint":3607.9000000003725}'),
	(260, 'c4f057dd-0ed6-41b4-a899-79c094d22886', '2023-10-10 12:28:56', '{"fid":0.39999999944120646}'),
	(261, 'c4f057dd-0ed6-41b4-a899-79c094d22886', '2023-10-10 12:29:09', '{"totalTime":970.7999999998137,"fetchTime":973.2000000001863,"latency":972.4000000003725,"timeToFirstByte":970,"redirectTime":0,"dnsTime":0,"pageLoadTime":2919.7999999998137,"domInteractiveTime":1608.2999999998137,"domInteractiveToComplete":1311.4000000003725,"onload":0,"firstPaint":3607.9000000003725,"firstContentfulPaint":3607.9000000003725}'),
	(262, 'c4f057dd-0ed6-41b4-a899-79c094d22886', '2023-10-10 12:29:09', '{"fid":0.39999999944120646}'),
	(263, 'c4f057dd-0ed6-41b4-a899-79c094d22886', '2023-10-10 12:29:28', '{"lcp":3874.4000000003725}'),
	(264, 'c4f057dd-0ed6-41b4-a899-79c094d22886', '2023-10-10 12:29:28', '{"cls":0.0031633319726064677}'),
	(265, 'c4f057dd-0ed6-41b4-a899-79c094d22886', '2023-10-10 12:29:28', '{"lcp":3874.4000000003725}'),
	(266, 'c4f057dd-0ed6-41b4-a899-79c094d22886', '2023-10-10 12:29:28', '{"lcp":3874.4000000003725}'),
	(267, 'c4f057dd-0ed6-41b4-a899-79c094d22886', '2023-10-10 12:29:28', '{"cls":0.0031633319726064677}'),
	(268, 'c4f057dd-0ed6-41b4-a899-79c094d22886', '2023-10-10 12:29:29', '{"lcp":3874.4000000003725}'),
	(269, 'c4f057dd-0ed6-41b4-a899-79c094d22886', '2023-10-10 12:29:29', '{"lcp":3874.4000000003725}'),
	(270, 'c4f057dd-0ed6-41b4-a899-79c094d22886', '2023-10-10 12:29:29', '{"lcp":3874.4000000003725}'),
	(271, 'c4f057dd-0ed6-41b4-a899-79c094d22886', '2023-10-10 12:29:29', '{"lcp":3874.4000000003725}'),
	(272, 'c4f057dd-0ed6-41b4-a899-79c094d22886', '2023-10-10 12:29:29', '{"lcp":3874.4000000003725}'),
	(273, 'c4f057dd-0ed6-41b4-a899-79c094d22886', '2023-10-10 12:29:29', '{"lcp":3874.4000000003725}'),
	(274, 'c4f057dd-0ed6-41b4-a899-79c094d22886', '2023-10-10 12:29:29', '{"lcp":3874.4000000003725}'),
	(275, 'c4f057dd-0ed6-41b4-a899-79c094d22886', '2023-10-10 12:29:29', '{"lcp":3874.4000000003725}'),
	(276, 'c4f057dd-0ed6-41b4-a899-79c094d22886', '2023-10-10 12:29:29', '{"lcp":3874.4000000003725}'),
	(277, 'c4f057dd-0ed6-41b4-a899-79c094d22886', '2023-10-10 12:29:29', '{"lcp":3874.4000000003725}'),
	(278, 'c4f057dd-0ed6-41b4-a899-79c094d22886', '2023-10-10 12:29:29', '{"lcp":3874.4000000003725}'),
	(279, 'c4f057dd-0ed6-41b4-a899-79c094d22886', '2023-10-10 12:29:29', '{"lcp":3874.4000000003725}'),
	(280, 'c4f057dd-0ed6-41b4-a899-79c094d22886', '2023-10-10 12:29:29', '{"cls":0.0031633319726064677}'),
	(281, 'c4f057dd-0ed6-41b4-a899-79c094d22886', '2023-10-10 12:29:29', '{"lcp":3874.4000000003725}'),
	(282, 'c4f057dd-0ed6-41b4-a899-79c094d22886', '2023-10-10 12:29:29', '{"lcp":3874.4000000003725}'),
	(283, 'c4f057dd-0ed6-41b4-a899-79c094d22886', '2023-10-10 12:29:29', '{"lcp":3874.4000000003725}'),
	(284, 'c4f057dd-0ed6-41b4-a899-79c094d22886', '2023-10-10 12:29:29', '{"lcp":3874.4000000003725}'),
	(285, '2331fdaf-1cc3-4298-a007-0198203f5866', '2023-10-10 12:29:37', '{"totalTime":1146.9000000003725,"fetchTime":1161.9000000003725,"latency":831.7000000011176,"timeToFirstByte":816.7000000011176,"redirectTime":0,"dnsTime":0,"pageLoadTime":4093.7999999988824,"domInteractiveTime":1884,"domInteractiveToComplete":2209.7999999988824,"onload":0.09999999962747097,"firstPaint":4804.799999998882,"firstContentfulPaint":4804.799999998882}'),
	(286, '2331fdaf-1cc3-4298-a007-0198203f5866', '2023-10-10 12:30:01', '{"lcp":24786.099999999627}'),
	(287, '2331fdaf-1cc3-4298-a007-0198203f5866', '2023-10-10 12:30:01', '{"cls":0.001469934574819219}'),
	(288, 'aace0382-c2da-47d4-b8f1-32f3775b3b4f', '2023-10-10 12:30:26', '{"totalTime":518.8999999985099,"fetchTime":520.7999999988824,"latency":209.2999999988824,"timeToFirstByte":207.39999999850988,"redirectTime":0,"dnsTime":0,"pageLoadTime":3801.0999999996275,"domInteractiveTime":1238.5,"domInteractiveToComplete":2562.5999999996275,"onload":0,"firstPaint":4483.699999999255,"firstContentfulPaint":4483.699999999255}'),
	(289, 'aace0382-c2da-47d4-b8f1-32f3775b3b4f', '2023-10-10 12:30:33', '{"lcp":4633.699999999255}'),
	(290, 'aace0382-c2da-47d4-b8f1-32f3775b3b4f', '2023-10-10 12:30:33', '{"cls":0.0035764640763552634}'),
	(291, 'd4770756-ab0d-40a0-8b22-dfa21e308071', '2023-10-10 12:30:41', '{"totalTime":61.40000000037253,"fetchTime":64.09999999962747,"latency":63.5,"timeToFirstByte":60.80000000074506,"redirectTime":0,"dnsTime":0,"pageLoadTime":2108.7000000011176,"domInteractiveTime":132,"domInteractiveToComplete":1976.6000000014901,"onload":0,"firstPaint":2804.300000000745,"firstContentfulPaint":2804.300000000745}'),
	(292, 'd4770756-ab0d-40a0-8b22-dfa21e308071', '2023-10-10 12:30:42', '{"lcp":2937.60000000149}'),
	(293, 'd4770756-ab0d-40a0-8b22-dfa21e308071', '2023-10-10 12:30:42', '{"fid":0.599999999627471}'),
	(294, 'd4770756-ab0d-40a0-8b22-dfa21e308071', '2023-10-10 12:31:11', '{"cls":0.0037607147054532133}'),
	(295, 'cf734939-c465-49e7-bc58-db407a8ec5f3', '2023-10-10 12:31:55', '{"totalTime":314.40000000037253,"fetchTime":317.1000000014901,"latency":316.1000000014901,"timeToFirstByte":313.40000000037253,"redirectTime":0,"dnsTime":0,"pageLoadTime":3124.4000000003725,"domInteractiveTime":1297.199999999255,"domInteractiveToComplete":1827,"onload":0,"firstPaint":3317,"firstContentfulPaint":3317}'),
	(296, 'cf734939-c465-49e7-bc58-db407a8ec5f3', '2023-10-10 12:32:02', '{"lcp":4233.5999999996275}'),
	(297, 'cf734939-c465-49e7-bc58-db407a8ec5f3', '2023-10-10 12:32:02', '{"cls":0.0014242423396240783}'),
	(298, '73294bde-e174-445e-86b6-d2d4f36d4b35', '2023-10-10 12:32:23', '{"totalTime":417.6000000014901,"fetchTime":419.5,"latency":417.19999999925494,"timeToFirstByte":415.30000000074506,"redirectTime":0,"dnsTime":0,"pageLoadTime":2332.7000000011176,"domInteractiveTime":499,"domInteractiveToComplete":1833.6000000014901,"onload":0.09999999962747097,"firstPaint":3018,"firstContentfulPaint":3018}'),
	(299, '73294bde-e174-445e-86b6-d2d4f36d4b35', '2023-10-10 12:32:23', '{"fid":1.400000000372529}'),
	(300, '73294bde-e174-445e-86b6-d2d4f36d4b35', '2023-10-10 12:32:23', '{"lcp":3284.60000000149}'),
	(301, '73294bde-e174-445e-86b6-d2d4f36d4b35', '2023-10-10 12:33:00', '{"cls":0.0014242423396240783}'),
	(302, '73294bde-e174-445e-86b6-d2d4f36d4b35', '2023-10-10 12:33:26', '{"fid":1.400000000372529}'),
	(303, '73294bde-e174-445e-86b6-d2d4f36d4b35', '2023-10-10 12:33:26', '{"totalTime":417.6000000014901,"fetchTime":419.5,"latency":417.19999999925494,"timeToFirstByte":415.30000000074506,"redirectTime":0,"dnsTime":0,"pageLoadTime":2332.7000000011176,"domInteractiveTime":499,"domInteractiveToComplete":1833.6000000014901,"onload":0.09999999962747097,"firstPaint":3018,"firstContentfulPaint":3018}'),
	(304, '73294bde-e174-445e-86b6-d2d4f36d4b35', '2023-10-10 12:33:39', '{"totalTime":417.6000000014901,"fetchTime":419.5,"latency":417.19999999925494,"timeToFirstByte":415.30000000074506,"redirectTime":0,"dnsTime":0,"pageLoadTime":2332.7000000011176,"domInteractiveTime":499,"domInteractiveToComplete":1833.6000000014901,"onload":0.09999999962747097,"firstPaint":3018,"firstContentfulPaint":3018}'),
	(305, '73294bde-e174-445e-86b6-d2d4f36d4b35', '2023-10-10 12:33:39', '{"fid":1.400000000372529}'),
	(306, '73294bde-e174-445e-86b6-d2d4f36d4b35', '2023-10-10 12:36:15', '{"totalTime":417.6000000014901,"fetchTime":419.5,"latency":417.19999999925494,"timeToFirstByte":415.30000000074506,"redirectTime":0,"dnsTime":0,"pageLoadTime":2332.7000000011176,"domInteractiveTime":499,"domInteractiveToComplete":1833.6000000014901,"onload":0.09999999962747097,"firstPaint":3018,"firstContentfulPaint":3018}'),
	(307, '73294bde-e174-445e-86b6-d2d4f36d4b35', '2023-10-10 12:36:15', '{"fid":1.400000000372529}'),
	(308, '73294bde-e174-445e-86b6-d2d4f36d4b35', '2023-10-10 12:43:02', '{"lcp":3284.60000000149}'),
	(309, '73294bde-e174-445e-86b6-d2d4f36d4b35', '2023-10-10 12:43:02', '{"lcp":3284.60000000149}'),
	(310, '73294bde-e174-445e-86b6-d2d4f36d4b35', '2023-10-10 12:43:02', '{"lcp":3284.60000000149}'),
	(311, '73294bde-e174-445e-86b6-d2d4f36d4b35', '2023-10-10 12:43:02', '{"cls":0.0014242423396240783}'),
	(312, '73294bde-e174-445e-86b6-d2d4f36d4b35', '2023-10-10 12:43:02', '{"cls":0.0014242423396240783}'),
	(313, '8f64d90d-2eaf-4c05-a97d-f3d52b217733', '2023-10-10 12:51:49', '{"totalTime":341.09999999962747,"fetchTime":346.5,"latency":345.7000000011176,"timeToFirstByte":340.30000000074506,"redirectTime":0,"dnsTime":0,"pageLoadTime":3482.5,"domInteractiveTime":419.69999999925494,"domInteractiveToComplete":3062.5999999996275,"onload":0,"firstPaint":4369.699999999255,"firstContentfulPaint":4369.699999999255}'),
	(314, '8f64d90d-2eaf-4c05-a97d-f3d52b217733', '2023-10-10 12:51:52', '{"lcp":4503}'),
	(315, '8f64d90d-2eaf-4c05-a97d-f3d52b217733', '2023-10-10 12:51:52', '{"cls":0.0014238672089342361}'),
	(316, 'fbde12ae-2599-4808-81f1-1547c623cfda', '2023-10-10 12:52:00', '{"totalTime":64.89999999850988,"fetchTime":68,"latency":66.80000000074506,"timeToFirstByte":63.69999999925494,"redirectTime":0,"dnsTime":0,"pageLoadTime":2188.2000000011176,"domInteractiveTime":130.09999999962747,"domInteractiveToComplete":2058.10000000149,"onload":0.10000000149011612,"firstPaint":2783.2000000011176,"firstContentfulPaint":2783.2000000011176}'),
	(317, 'fbde12ae-2599-4808-81f1-1547c623cfda', '2023-10-10 12:54:10', '{"fid":1.6000000014901161}'),
	(318, 'fbde12ae-2599-4808-81f1-1547c623cfda', '2023-10-10 12:54:10', '{"totalTime":64.89999999850988,"fetchTime":68,"latency":66.80000000074506,"timeToFirstByte":63.69999999925494,"redirectTime":0,"dnsTime":0,"pageLoadTime":2188.2000000011176,"domInteractiveTime":130.09999999962747,"domInteractiveToComplete":2058.10000000149,"onload":0.10000000149011612,"firstPaint":2783.2000000011176,"firstContentfulPaint":2783.2000000011176}'),
	(319, 'fbde12ae-2599-4808-81f1-1547c623cfda', '2023-10-10 12:54:41', '{"totalTime":64.89999999850988,"fetchTime":68,"latency":66.80000000074506,"timeToFirstByte":63.69999999925494,"redirectTime":0,"dnsTime":0,"pageLoadTime":2188.2000000011176,"domInteractiveTime":130.09999999962747,"domInteractiveToComplete":2058.10000000149,"onload":0.10000000149011612,"firstPaint":2783.2000000011176,"firstContentfulPaint":2783.2000000011176}'),
	(320, 'fbde12ae-2599-4808-81f1-1547c623cfda', '2023-10-10 12:54:41', '{"fid":1.6000000014901161}'),
	(321, 'fbde12ae-2599-4808-81f1-1547c623cfda', '2023-10-10 12:54:46', '{"totalTime":64.89999999850988,"fetchTime":68,"latency":66.80000000074506,"timeToFirstByte":63.69999999925494,"redirectTime":0,"dnsTime":0,"pageLoadTime":2188.2000000011176,"domInteractiveTime":130.09999999962747,"domInteractiveToComplete":2058.10000000149,"onload":0.10000000149011612,"firstPaint":2783.2000000011176,"firstContentfulPaint":2783.2000000011176}'),
	(322, 'fbde12ae-2599-4808-81f1-1547c623cfda', '2023-10-10 12:54:47', '{"fid":1.6000000014901161}'),
	(323, 'fbde12ae-2599-4808-81f1-1547c623cfda', '2023-10-10 12:56:37', '{"totalTime":64.89999999850988,"fetchTime":68,"latency":66.80000000074506,"timeToFirstByte":63.69999999925494,"redirectTime":0,"dnsTime":0,"pageLoadTime":2188.2000000011176,"domInteractiveTime":130.09999999962747,"domInteractiveToComplete":2058.10000000149,"onload":0.10000000149011612,"firstPaint":2783.2000000011176,"firstContentfulPaint":2783.2000000011176}'),
	(324, 'fbde12ae-2599-4808-81f1-1547c623cfda', '2023-10-10 12:56:37', '{"fid":1.6000000014901161}'),
	(325, 'fbde12ae-2599-4808-81f1-1547c623cfda', '2023-10-10 12:56:51', '{"totalTime":64.89999999850988,"fetchTime":68,"latency":66.80000000074506,"timeToFirstByte":63.69999999925494,"redirectTime":0,"dnsTime":0,"pageLoadTime":2188.2000000011176,"domInteractiveTime":130.09999999962747,"domInteractiveToComplete":2058.10000000149,"onload":0.10000000149011612,"firstPaint":2783.2000000011176,"firstContentfulPaint":2783.2000000011176}'),
	(326, 'fbde12ae-2599-4808-81f1-1547c623cfda', '2023-10-10 12:56:51', '{"fid":1.6000000014901161}'),
	(327, 'fbde12ae-2599-4808-81f1-1547c623cfda', '2023-10-10 12:57:02', '{"totalTime":64.89999999850988,"fetchTime":68,"latency":66.80000000074506,"timeToFirstByte":63.69999999925494,"redirectTime":0,"dnsTime":0,"pageLoadTime":2188.2000000011176,"domInteractiveTime":130.09999999962747,"domInteractiveToComplete":2058.10000000149,"onload":0.10000000149011612,"firstPaint":2783.2000000011176,"firstContentfulPaint":2783.2000000011176}'),
	(328, 'fbde12ae-2599-4808-81f1-1547c623cfda', '2023-10-10 12:57:02', '{"fid":1.6000000014901161}'),
	(329, 'fbde12ae-2599-4808-81f1-1547c623cfda', '2023-10-10 12:58:45', '{"lcp":2933.2000000011176}'),
	(330, 'fbde12ae-2599-4808-81f1-1547c623cfda', '2023-10-10 12:58:45', '{"lcp":2933.2000000011176}'),
	(331, 'fbde12ae-2599-4808-81f1-1547c623cfda', '2023-10-10 12:58:45', '{"lcp":2933.2000000011176}'),
	(332, 'fbde12ae-2599-4808-81f1-1547c623cfda', '2023-10-10 12:58:45', '{"lcp":2933.2000000011176}'),
	(333, 'fbde12ae-2599-4808-81f1-1547c623cfda', '2023-10-10 12:58:45', '{"lcp":2933.2000000011176}'),
	(334, 'fbde12ae-2599-4808-81f1-1547c623cfda', '2023-10-10 12:58:45', '{"lcp":2933.2000000011176}'),
	(335, '87e6ebe8-cb19-40e6-a688-a9a5adba20e8', '2023-10-10 13:00:05', '{"fid":0.8000000007450581}'),
	(336, '87e6ebe8-cb19-40e6-a688-a9a5adba20e8', '2023-10-10 13:00:05', '{"totalTime":690,"fetchTime":691.6000000014901,"latency":690.9000000003725,"timeToFirstByte":689.2999999988824,"redirectTime":0,"dnsTime":0,"pageLoadTime":2509.800000000745,"domInteractiveTime":746.4000000003725,"domInteractiveToComplete":1763.300000000745,"onload":0,"firstPaint":3478.4000000003725,"firstContentfulPaint":3478.4000000003725}'),
	(337, '87e6ebe8-cb19-40e6-a688-a9a5adba20e8', '2023-10-10 13:00:07', '{"lcp":3595.0999999996275}'),
	(338, '87e6ebe8-cb19-40e6-a688-a9a5adba20e8', '2023-10-10 13:00:41', '{"cls":0.001469934574819219}'),
	(339, '87e6ebe8-cb19-40e6-a688-a9a5adba20e8', '2023-10-10 13:01:16', '{"totalTime":690,"fetchTime":691.6000000014901,"latency":690.9000000003725,"timeToFirstByte":689.2999999988824,"redirectTime":0,"dnsTime":0,"pageLoadTime":2509.800000000745,"domInteractiveTime":746.4000000003725,"domInteractiveToComplete":1763.300000000745,"onload":0,"firstPaint":3478.4000000003725,"firstContentfulPaint":3478.4000000003725}'),
	(340, '87e6ebe8-cb19-40e6-a688-a9a5adba20e8', '2023-10-10 13:01:16', '{"fid":0.8000000007450581}'),
	(341, '87e6ebe8-cb19-40e6-a688-a9a5adba20e8', '2023-10-10 13:01:18', '{"lcp":3595.0999999996275}'),
	(342, '87e6ebe8-cb19-40e6-a688-a9a5adba20e8', '2023-10-10 13:01:18', '{"cls":0.001469934574819219}'),
	(343, '4646bb8c-64f7-4d11-9014-37f00a47833b', '2023-10-10 13:01:25', '{"totalTime":788,"fetchTime":790.2000000011176,"latency":789.5,"timeToFirstByte":787.2999999988824,"redirectTime":0,"dnsTime":0,"pageLoadTime":2683.5999999996275,"domInteractiveTime":856.0999999996275,"domInteractiveToComplete":1827.4000000003725,"onload":0.09999999962747097,"firstPaint":3301,"firstContentfulPaint":3301}'),
	(344, '4646bb8c-64f7-4d11-9014-37f00a47833b', '2023-10-10 13:01:26', '{"lcp":3467.5999999996275}'),
	(345, '4646bb8c-64f7-4d11-9014-37f00a47833b', '2023-10-10 13:01:26', '{"fid":4.299999998882413}'),
	(346, '4646bb8c-64f7-4d11-9014-37f00a47833b', '2023-10-10 13:01:38', '{"cls":0.0014238672089342361}'),
	(347, '6c07ea76-2de9-4bc6-b0b2-389872d2fd82', '2023-10-10 13:02:19', '{"fid":0.5}'),
	(348, '6c07ea76-2de9-4bc6-b0b2-389872d2fd82', '2023-10-10 13:02:19', '{"totalTime":398.7000000011176,"fetchTime":402.90000000037253,"latency":402.09999999962747,"timeToFirstByte":397.90000000037253,"redirectTime":0,"dnsTime":0,"pageLoadTime":2160.800000000745,"domInteractiveTime":463.90000000037253,"domInteractiveToComplete":1696.9000000003725,"onload":0.09999999962747097,"firstPaint":2799.5,"firstContentfulPaint":2799.5}'),
	(349, '6c07ea76-2de9-4bc6-b0b2-389872d2fd82', '2023-10-10 13:02:19', '{"lcp":2916.2000000011176}'),
	(350, '6c07ea76-2de9-4bc6-b0b2-389872d2fd82', '2023-10-10 13:02:41', '{"cls":0.0037607147054532133}'),
	(351, '6c07ea76-2de9-4bc6-b0b2-389872d2fd82', '2023-10-10 13:02:53', '{"totalTime":398.7000000011176,"fetchTime":402.90000000037253,"latency":402.09999999962747,"timeToFirstByte":397.90000000037253,"redirectTime":0,"dnsTime":0,"pageLoadTime":2160.800000000745,"domInteractiveTime":463.90000000037253,"domInteractiveToComplete":1696.9000000003725,"onload":0.09999999962747097,"firstPaint":2799.5,"firstContentfulPaint":2799.5}'),
	(352, '6c07ea76-2de9-4bc6-b0b2-389872d2fd82', '2023-10-10 13:02:53', '{"fid":0.5}'),
	(353, '6c07ea76-2de9-4bc6-b0b2-389872d2fd82', '2023-10-10 13:03:07', '{"lcp":2916.2000000011176}'),
	(354, '6c07ea76-2de9-4bc6-b0b2-389872d2fd82', '2023-10-10 13:03:07', '{"cls":0.0037607147054532133}'),
	(355, 'cf400222-4183-4c67-b304-37a766887011', '2023-10-10 13:03:15', '{"fid":0.7999999988824129}'),
	(356, 'cf400222-4183-4c67-b304-37a766887011', '2023-10-10 13:03:15', '{"totalTime":208.5,"fetchTime":209.90000000037253,"latency":209.2000000011176,"timeToFirstByte":207.80000000074506,"redirectTime":0,"dnsTime":0,"pageLoadTime":2067,"domInteractiveTime":315.30000000074506,"domInteractiveToComplete":1751.699999999255,"onload":0.10000000149011612,"firstPaint":2754,"firstContentfulPaint":2754}'),
	(357, 'cf400222-4183-4c67-b304-37a766887011', '2023-10-10 13:03:21', '{"lcp":2887.300000000745}'),
	(358, 'cf400222-4183-4c67-b304-37a766887011', '2023-10-10 13:03:21', '{"cls":0.0037607147054532133}'),
	(359, 'a5f12653-d318-4b69-82dc-298e44943a72', '2023-10-10 13:04:03', '{"fid":0.6999999992549419}'),
	(360, 'a5f12653-d318-4b69-82dc-298e44943a72', '2023-10-10 13:04:03', '{"totalTime":295.90000000037253,"fetchTime":297.40000000037253,"latency":296.7000000011176,"timeToFirstByte":295.2000000011176,"redirectTime":0,"dnsTime":0,"pageLoadTime":2111.9000000003725,"domInteractiveTime":354.69999999925494,"domInteractiveToComplete":1757.2000000011176,"onload":0.10000000149011612,"firstPaint":2552.800000000745,"firstContentfulPaint":2552.800000000745}'),
	(361, 'a5f12653-d318-4b69-82dc-298e44943a72', '2023-10-10 13:04:04', '{"lcp":2936}'),
	(362, 'a5f12653-d318-4b69-82dc-298e44943a72', '2023-10-10 13:04:08', '{"cls":0.0014236421305203308}'),
	(363, 'a5f12653-d318-4b69-82dc-298e44943a72', '2023-10-10 13:05:12', '{"fid":0.6999999992549419}'),
	(364, 'a5f12653-d318-4b69-82dc-298e44943a72', '2023-10-10 13:05:12', '{"totalTime":295.90000000037253,"fetchTime":297.40000000037253,"latency":296.7000000011176,"timeToFirstByte":295.2000000011176,"redirectTime":0,"dnsTime":0,"pageLoadTime":2111.9000000003725,"domInteractiveTime":354.69999999925494,"domInteractiveToComplete":1757.2000000011176,"onload":0.10000000149011612,"firstPaint":2552.800000000745,"firstContentfulPaint":2552.800000000745}'),
	(365, 'a5f12653-d318-4b69-82dc-298e44943a72', '2023-10-10 13:05:12', '{"lcp":2936}'),
	(366, 'a5f12653-d318-4b69-82dc-298e44943a72', '2023-10-10 13:08:22', '{"cls":0.0014236421305203308}'),
	(367, '7eb7032b-36e4-4a3d-85e8-e28d71662a0e', '2023-10-10 13:09:11', '{"totalTime":862.0999999996275,"fetchTime":864,"latency":863.2000000011176,"timeToFirstByte":861.3000000007451,"redirectTime":0,"dnsTime":0,"pageLoadTime":2276.5,"domInteractiveTime":909.8000000007451,"domInteractiveToComplete":1366.699999999255,"onload":0,"firstPaint":11871.400000000373,"firstContentfulPaint":11871.400000000373}'),
	(368, '7eb7032b-36e4-4a3d-85e8-e28d71662a0e', '2023-10-10 13:09:11', '{"fid":0.6999999992549419}'),
	(369, '7eb7032b-36e4-4a3d-85e8-e28d71662a0e', '2023-10-10 13:09:12', '{"lcp":11988.099999999627}'),
	(370, '7eb7032b-36e4-4a3d-85e8-e28d71662a0e', '2023-10-10 13:10:06', '{"cls":0.002235182302626638}'),
	(371, '8f9cdae6-97e8-4a46-87e3-45b457c0355f', '2023-10-10 13:11:07', '{"totalTime":686.3000000007451,"fetchTime":688.5999999996275,"latency":688,"timeToFirstByte":685.7000000011176,"redirectTime":0,"dnsTime":0,"pageLoadTime":2677.5999999996275,"domInteractiveTime":757.5999999996275,"domInteractiveToComplete":1919.9000000003725,"onload":0.09999999962747097,"firstPaint":3051.800000000745,"firstContentfulPaint":3051.800000000745}'),
	(372, '8f9cdae6-97e8-4a46-87e3-45b457c0355f', '2023-10-10 13:11:07', '{"fid":16.90000000037253}'),
	(373, '8f9cdae6-97e8-4a46-87e3-45b457c0355f', '2023-10-10 13:11:10', '{"lcp":3218.4000000003725}'),
	(374, '8f9cdae6-97e8-4a46-87e3-45b457c0355f', '2023-10-10 13:11:10', '{"cls":0.001469934574819219}'),
	(375, 'bebcf3f9-7cb3-478f-955d-74fb13dfa26a', '2023-10-10 13:11:18', '{"totalTime":269,"fetchTime":270.7000000011176,"latency":269.90000000037253,"timeToFirstByte":268.19999999925494,"redirectTime":0,"dnsTime":0,"pageLoadTime":2146.5999999996275,"domInteractiveTime":325.3999999985099,"domInteractiveToComplete":1821.2000000011176,"onload":0,"firstPaint":3039.7999999988824,"firstContentfulPaint":3039.7999999988824}'),
	(376, '0cddfb36-f497-45b9-ba4a-cb8521254b9d', '2023-10-10 13:12:52', '{"totalTime":491.69999999925494,"fetchTime":494.5,"latency":462.6000000014901,"timeToFirstByte":459.80000000074506,"redirectTime":0,"dnsTime":0,"pageLoadTime":2516.4000000003725,"domInteractiveTime":545.0999999996275,"domInteractiveToComplete":1971.300000000745,"onload":0.09999999962747097,"firstPaint":3280.0999999996275,"firstContentfulPaint":3280.0999999996275}'),
	(377, '061a3ba9-75bc-454c-aecc-97f3383ccb72', '2023-10-10 13:13:11', '{"fid":0.599999999627471}'),
	(378, '061a3ba9-75bc-454c-aecc-97f3383ccb72', '2023-10-10 13:13:11', '{"totalTime":493.90000000037253,"fetchTime":495.5,"latency":494.8999999985099,"timeToFirstByte":493.2999999988824,"redirectTime":0,"dnsTime":0,"pageLoadTime":2345.7000000011176,"domInteractiveTime":559.4000000003725,"domInteractiveToComplete":1786.300000000745,"onload":0,"firstPaint":2974.300000000745,"firstContentfulPaint":2974.300000000745}'),
	(379, '061a3ba9-75bc-454c-aecc-97f3383ccb72', '2023-10-10 13:13:24', '{"lcp":3224.300000000745}'),
	(380, '061a3ba9-75bc-454c-aecc-97f3383ccb72', '2023-10-10 13:13:36', '{"cls":0.001469934574819219}'),
	(381, '061a3ba9-75bc-454c-aecc-97f3383ccb72', '2023-10-10 13:14:01', '{"totalTime":493.90000000037253,"fetchTime":495.5,"latency":494.8999999985099,"timeToFirstByte":493.2999999988824,"redirectTime":0,"dnsTime":0,"pageLoadTime":2345.7000000011176,"domInteractiveTime":559.4000000003725,"domInteractiveToComplete":1786.300000000745,"onload":0,"firstPaint":2974.300000000745,"firstContentfulPaint":2974.300000000745}'),
	(382, '061a3ba9-75bc-454c-aecc-97f3383ccb72', '2023-10-10 13:14:02', '{"fid":0.599999999627471}'),
	(383, '061a3ba9-75bc-454c-aecc-97f3383ccb72', '2023-10-10 13:14:14', '{"lcp":3224.300000000745}'),
	(384, '061a3ba9-75bc-454c-aecc-97f3383ccb72', '2023-10-10 13:14:14', '{"cls":0.001469934574819219}'),
	(385, '18ee0360-edea-4eb4-bc18-7c9d1cd0f06b', '2023-10-10 13:14:21', '{"totalTime":1030.2000000011176,"fetchTime":1032.2000000011176,"latency":1024.5999999996275,"timeToFirstByte":1022.5999999996275,"redirectTime":0,"dnsTime":0,"pageLoadTime":2848.199999999255,"domInteractiveTime":1140.5,"domInteractiveToComplete":1707.5999999996275,"onload":0,"firstPaint":3627.2999999988824,"firstContentfulPaint":3627.2999999988824}'),
	(386, '18ee0360-edea-4eb4-bc18-7c9d1cd0f06b', '2023-10-10 13:14:21', '{"fid":0.6999999992549419}'),
	(387, '18ee0360-edea-4eb4-bc18-7c9d1cd0f06b', '2023-10-10 13:14:23', '{"lcp":3743.9000000003725}'),
	(388, '18ee0360-edea-4eb4-bc18-7c9d1cd0f06b', '2023-10-10 13:14:44', '{"cls":0.001469934574819219}'),
	(389, '42f0f602-bd02-411e-8cdf-f52d1b3f4cfa', '2023-10-10 13:15:59', '{"totalTime":216.7999999988824,"fetchTime":219.5,"latency":218.80000000074506,"timeToFirstByte":216.09999999962747,"redirectTime":0,"dnsTime":0,"pageLoadTime":1823.800000000745,"domInteractiveTime":272.5,"domInteractiveToComplete":1551.2000000011176,"onload":0,"firstPaint":2022.800000000745,"firstContentfulPaint":2022.800000000745}'),
	(390, '42f0f602-bd02-411e-8cdf-f52d1b3f4cfa', '2023-10-10 13:15:59', '{"fid":1.800000000745058}'),
	(391, '42f0f602-bd02-411e-8cdf-f52d1b3f4cfa', '2023-10-10 13:16:00', '{"lcp":2656}'),
	(392, '42f0f602-bd02-411e-8cdf-f52d1b3f4cfa', '2023-10-10 13:16:42', '{"cls":0.0015932012023289854}'),
	(393, 'f0e57e32-ae8e-4a5e-8d53-e9a0e8174bed', '2023-10-10 13:28:22', '{"totalTime":99.30000000074506,"fetchTime":102.20000000111759,"latency":101,"timeToFirstByte":98.09999999962747,"redirectTime":0,"dnsTime":0,"pageLoadTime":1746.9000000003725,"domInteractiveTime":169.10000000149012,"domInteractiveToComplete":1577.7999999988824,"onload":0,"firstPaint":2315,"firstContentfulPaint":2315}'),
	(394, 'f0e57e32-ae8e-4a5e-8d53-e9a0e8174bed', '2023-10-10 13:28:22', '{"fid":4.199999999254942}'),
	(395, 'f0e57e32-ae8e-4a5e-8d53-e9a0e8174bed', '2023-10-10 13:28:24', '{"lcp":2615}'),
	(396, 'f0e57e32-ae8e-4a5e-8d53-e9a0e8174bed', '2023-10-10 13:29:06', '{"cls":0.0007218654648102323}'),
	(397, 'f0e57e32-ae8e-4a5e-8d53-e9a0e8174bed', '2023-10-10 13:30:09', '{"totalTime":99.30000000074506,"fetchTime":102.20000000111759,"latency":101,"timeToFirstByte":98.09999999962747,"redirectTime":0,"dnsTime":0,"pageLoadTime":1746.9000000003725,"domInteractiveTime":169.10000000149012,"domInteractiveToComplete":1577.7999999988824,"onload":0,"firstPaint":2315,"firstContentfulPaint":2315}'),
	(398, 'f0e57e32-ae8e-4a5e-8d53-e9a0e8174bed', '2023-10-10 13:30:09', '{"fid":4.199999999254942}'),
	(399, 'f0e57e32-ae8e-4a5e-8d53-e9a0e8174bed', '2023-10-10 13:31:20', '{"fid":4.199999999254942}'),
	(400, 'f0e57e32-ae8e-4a5e-8d53-e9a0e8174bed', '2023-10-10 13:31:20', '{"totalTime":99.30000000074506,"fetchTime":102.20000000111759,"latency":101,"timeToFirstByte":98.09999999962747,"redirectTime":0,"dnsTime":0,"pageLoadTime":1746.9000000003725,"domInteractiveTime":169.10000000149012,"domInteractiveToComplete":1577.7999999988824,"onload":0,"firstPaint":2315,"firstContentfulPaint":2315}'),
	(401, 'f0e57e32-ae8e-4a5e-8d53-e9a0e8174bed', '2023-10-10 13:31:36', '{"totalTime":99.30000000074506,"fetchTime":102.20000000111759,"latency":101,"timeToFirstByte":98.09999999962747,"redirectTime":0,"dnsTime":0,"pageLoadTime":1746.9000000003725,"domInteractiveTime":169.10000000149012,"domInteractiveToComplete":1577.7999999988824,"onload":0,"firstPaint":2315,"firstContentfulPaint":2315}'),
	(402, 'f0e57e32-ae8e-4a5e-8d53-e9a0e8174bed', '2023-10-10 13:31:36', '{"fid":4.199999999254942}'),
	(403, 'f0e57e32-ae8e-4a5e-8d53-e9a0e8174bed', '2023-10-10 13:32:11', '{"cls":0.001246937223003042}'),
	(404, 'f0e57e32-ae8e-4a5e-8d53-e9a0e8174bed', '2023-10-10 13:32:11', '{"lcp":2615}'),
	(405, 'f0e57e32-ae8e-4a5e-8d53-e9a0e8174bed', '2023-10-10 13:32:11', '{"lcp":2615}'),
	(406, 'f0e57e32-ae8e-4a5e-8d53-e9a0e8174bed', '2023-10-10 13:32:11', '{"lcp":2615}'),
	(407, 'cc557207-d7b8-4c03-804a-08c0128e9c21', '2023-10-10 13:58:44', '{"totalTime":622.2999999988824,"fetchTime":623.9000000003725,"latency":622.9000000003725,"timeToFirstByte":621.2999999988824,"redirectTime":0,"dnsTime":0,"pageLoadTime":2398.5,"domInteractiveTime":692.4000000003725,"domInteractiveToComplete":1706.0999999996275,"onload":0,"firstPaint":2826.7000000011176,"firstContentfulPaint":2826.7000000011176}'),
	(408, 'cc557207-d7b8-4c03-804a-08c0128e9c21', '2023-10-10 13:58:47', '{"cls":0.001469934574819219}'),
	(409, 'cc557207-d7b8-4c03-804a-08c0128e9c21', '2023-10-10 13:58:48', '{"lcp":3043.300000000745}'),
	(410, 'df5dd619-8e12-41a7-864d-ec1509d8b27c', '2023-10-10 16:10:13', '{"totalTime":376.8999999985099,"fetchTime":379,"latency":378.1000000014901,"timeToFirstByte":376,"redirectTime":0,"dnsTime":0,"pageLoadTime":2452.199999999255,"domInteractiveTime":465.69999999925494,"domInteractiveToComplete":1986.4000000022352,"onload":0,"firstPaint":3038,"firstContentfulPaint":3038}'),
	(411, 'df5dd619-8e12-41a7-864d-ec1509d8b27c', '2023-10-10 16:10:13', '{"fid":0.7999999970197678}'),
	(412, 'df5dd619-8e12-41a7-864d-ec1509d8b27c', '2023-10-10 16:10:13', '{"lcp":3221.300000000745}'),
	(413, 'df5dd619-8e12-41a7-864d-ec1509d8b27c', '2023-10-10 16:10:55', '{"cls":0.001469934574819219}');

-- Listage de la structure de la table village. analytic_session
CREATE TABLE IF NOT EXISTS `analytic_session` (
  `id` varchar(36) CHARACTER SET utf8mb4 COLLATE utf8mb4_unicode_ci NOT NULL,
  `uniqueId` varchar(20) CHARACTER SET utf8mb4 COLLATE utf8mb4_unicode_ci NOT NULL,
  `date` datetime NOT NULL,
  `type` varchar(8) CHARACTER SET utf8mb4 COLLATE utf8mb4_unicode_ci NOT NULL,
  `os` varchar(20) CHARACTER SET utf8mb4 COLLATE utf8mb4_unicode_ci NOT NULL,
  `browserName` varchar(20) CHARACTER SET utf8mb4 COLLATE utf8mb4_unicode_ci NOT NULL,
  `browserVersion` varchar(20) CHARACTER SET utf8mb4 COLLATE utf8mb4_unicode_ci NOT NULL,
  `duration` smallint unsigned DEFAULT NULL,
  `width` smallint unsigned NOT NULL,
  `initialPage` varchar(255) CHARACTER SET utf8mb4 COLLATE utf8mb4_unicode_ci NOT NULL,
  PRIMARY KEY (`id`)
) ENGINE=InnoDB DEFAULT CHARSET=utf8mb4 COLLATE=utf8mb4_unicode_ci;

-- Listage des données de la table village.analytic_session : ~38 rows (environ)
REPLACE INTO `analytic_session` (`id`, `uniqueId`, `date`, `type`, `os`, `browserName`, `browserVersion`, `duration`, `width`, `initialPage`) VALUES
	('061a3ba9-75bc-454c-aecc-97f3383ccb72', 'VUk6T1PcLSzkhywo_a-n', '2023-10-10 13:13:06', 'desktop', 'Windows 10.0', 'Chrome', '117.0.0.0', 68, 1365, '/'),
	('0b6e9132-2161-483a-ac99-345f00cf991a', 'jgJGfdyMMJ0RSmQ0fOu0', '2023-10-07 19:11:09', 'desktop', 'Windows 10.0', 'Chrome', '117.0.0.0', 64, 1536, '/'),
	('0cddfb36-f497-45b9-ba4a-cb8521254b9d', 'VUk6T1PcLSzkhywo_a-n', '2023-10-10 13:12:47', 'desktop', 'Windows 10.0', 'Chrome', '117.0.0.0', 18, 1365, '/'),
	('177ea3a8-ba47-404f-883c-4161987621d6', 'VUk6T1PcLSzkhywo_a-n', '2023-10-10 12:59:55', 'desktop', 'Windows 10.0', 'Chrome', '117.0.0.0', 8, 1365, '/'),
	('18ee0360-edea-4eb4-bc18-7c9d1cd0f06b', 'VUk6T1PcLSzkhywo_a-n', '2023-10-10 13:14:16', 'desktop', 'Windows 10.0', 'Chrome', '117.0.0.0', 96, 1365, '/'),
	('1d731525-b2d0-4fd3-89f5-783d37d9925c', 'jgJGfdyMMJ0RSmQ0fOu0', '2023-10-07 21:28:10', 'desktop', 'Windows 10.0', 'Chrome', '117.0.0.0', 639, 1536, '/'),
	('1ed2583d-ffec-44ba-a23d-d35596b48c79', 'jgJGfdyMMJ0RSmQ0fOu0', '2023-10-07 21:15:16', 'desktop', 'Windows 10.0', 'Chrome', '117.0.0.0', 459, 1536, '/connexion'),
	('1f9f84c4-34ed-41e8-8795-36d6624cccb0', 'jgJGfdyMMJ0RSmQ0fOu0', '2023-10-07 21:48:43', 'desktop', 'Windows 10.0', 'Chrome', '117.0.0.0', 1395, 1536, '/connexion'),
	('2331fdaf-1cc3-4298-a007-0198203f5866', 'VUk6T1PcLSzkhywo_a-n', '2023-10-10 12:29:32', 'desktop', 'Windows 10.0', 'Chrome', '117.0.0.0', NULL, 1365, '/'),
	('298d3652-8ba4-4c6b-a262-b5f6f5942466', 'jgJGfdyMMJ0RSmQ0fOu0', '2023-10-07 19:48:00', 'desktop', 'Windows 10.0', 'Chrome', '117.0.0.0', 1876, 1536, '/admin/users'),
	('2cb8e38b-152e-4d73-8f6a-a8795edfeaa3', 'ccdsEmQ-_ygo7OATdiiF', '2023-10-10 10:12:22', 'desktop', 'Windows 10.0', 'Firefox', '118.0', 80, 1920, '/familles/2'),
	('2cc55bf5-cc89-4e72-b9a9-69f04c1f0d2f', 'jgJGfdyMMJ0RSmQ0fOu0', '2023-10-07 19:20:57', 'desktop', 'Windows 10.0', 'Chrome', '117.0.0.0', 102, 1536, '/admin/users'),
	('2ce29ffc-86a2-4556-bccb-98729aacdbe8', 'VUk6T1PcLSzkhywo_a-n', '2023-10-10 11:40:01', 'desktop', 'Windows 10.0', 'Chrome', '117.0.0.0', 72, 1920, '/'),
	('340d9118-01ec-42ba-83d2-7965e7edb548', '2wcbikO_kvvw2Yceagvm', '2023-10-10 08:32:43', 'desktop', 'Windows 10.0', 'Chrome', '117.0.0.0', 18, 1536, '/'),
	('38abbc8c-9f94-4e89-a04a-9baf62738123', 'ccdsEmQ-_ygo7OATdiiF', '2023-10-10 11:17:03', 'desktop', 'Windows 10.0', 'Firefox', '118.0', 943, 1920, '/'),
	('40991687-ad76-4c8c-bded-d9fc6b449afc', 'jgJGfdyMMJ0RSmQ0fOu0', '2023-10-07 19:22:55', 'desktop', 'Windows 10.0', 'Chrome', '117.0.0.0', 1412, 1536, '/admin/users/new'),
	('42f0f602-bd02-411e-8cdf-f52d1b3f4cfa', 'VUk6T1PcLSzkhywo_a-n', '2023-10-10 13:15:54', 'desktop', 'Windows 10.0', 'Chrome', '117.0.0.0', 49, 1365, '/'),
	('448387a1-b6c1-43f4-934d-a691e7224cff', '2wcbikO_kvvw2Yceagvm', '2023-10-08 11:15:24', 'desktop', 'Windows 10.0', 'Chrome', '117.0.0.0', 270, 982, '/'),
	('4646bb8c-64f7-4d11-9014-37f00a47833b', 'VUk6T1PcLSzkhywo_a-n', '2023-10-10 13:01:20', 'desktop', 'Windows 10.0', 'Chrome', '117.0.0.0', 53, 1365, '/'),
	('5168bbe3-b5af-4f98-92d2-2ec4c9241200', 'jgJGfdyMMJ0RSmQ0fOu0', '2023-10-07 21:28:06', 'desktop', 'Windows 10.0', 'Chrome', '117.0.0.0', 2, 1536, '/'),
	('55612d5b-4e57-46f6-968e-809926e1d0bf', 'ccdsEmQ-_ygo7OATdiiF', '2023-10-10 10:16:35', 'desktop', 'Windows 10.0', 'Firefox', '118.0', 3626, 1920, '/mon-compte'),
	('5747f68a-1b7c-4c90-8daa-7f2ff1e78a08', 'jgJGfdyMMJ0RSmQ0fOu0', '2023-10-07 20:21:14', 'desktop', 'Windows 10.0', 'Chrome', '117.0.0.0', 43, 1536, '/connexion'),
	('5951488b-9515-4064-9791-cebe93a31e13', 'jgJGfdyMMJ0RSmQ0fOu0', '2023-10-07 21:48:23', 'desktop', 'Windows 10.0', 'Chrome', '117.0.0.0', 18, 1536, '/connexion'),
	('5dab1776-52a2-4489-a920-67d763f66384', 'jgJGfdyMMJ0RSmQ0fOu0', '2023-10-07 19:13:21', 'desktop', 'Windows 10.0', 'Chrome', '117.0.0.0', 454, 1536, '/connexion'),
	('60a449ab-ebbc-4bcf-8ae8-ca367f9bc014', '2wcbikO_kvvw2Yceagvm', '2023-10-08 11:11:28', 'desktop', 'Windows 10.0', 'Chrome', '117.0.0.0', 26, 982, '/'),
	('6276bd82-e7eb-4a2f-b81f-08544ffa36fe', 'VUk6T1PcLSzkhywo_a-n', '2023-10-10 11:37:23', 'desktop', 'Windows 10.0', 'Chrome', '117.0.0.0', 58, 1920, '/'),
	('629f2d1e-22fa-4819-911d-2746ed79b16c', 'jgJGfdyMMJ0RSmQ0fOu0', '2023-10-07 21:22:57', 'desktop', 'Windows 10.0', 'Chrome', '117.0.0.0', 38, 1536, '/connexion'),
	('667164d6-362d-4368-b153-edf30b8bfc6c', 'VUk6T1PcLSzkhywo_a-n', '2023-10-10 11:33:21', 'desktop', 'Windows 10.0', 'Chrome', '117.0.0.0', 45, 1920, '/'),
	('6872af6b-2542-43bb-b537-ab8387e52181', '2wcbikO_kvvw2Yceagvm', '2023-10-08 11:19:56', 'desktop', 'Windows 10.0', 'Chrome', '117.0.0.0', 3, 982, '/'),
	('69b8d882-9ee8-4fb6-b66a-0a113c6b1652', 'jgJGfdyMMJ0RSmQ0fOu0', '2023-10-07 21:24:03', 'desktop', 'Windows 10.0', 'Chrome', '117.0.0.0', 29, 1536, '/connexion'),
	('6a0b07c6-596c-4f7e-be38-a0859d8126ed', 'ccdsEmQ-_ygo7OATdiiF', '2023-10-10 10:13:46', 'desktop', 'Windows 10.0', 'Firefox', '118.0', 19, 1920, '/'),
	('6c07ea76-2de9-4bc6-b0b2-389872d2fd82', 'VUk6T1PcLSzkhywo_a-n', '2023-10-10 13:02:14', 'desktop', 'Windows 10.0', 'Chrome', '117.0.0.0', 54, 1365, '/'),
	('705a71e0-971b-4aa3-aeb0-1648061794f3', 'jgJGfdyMMJ0RSmQ0fOu0', '2023-10-07 21:38:51', 'desktop', 'Windows 10.0', 'Chrome', '117.0.0.0', 569, 1536, '/connexion'),
	('73294bde-e174-445e-86b6-d2d4f36d4b35', 'VUk6T1PcLSzkhywo_a-n', '2023-10-10 12:32:18', 'desktop', 'Windows 10.0', 'Chrome', '117.0.0.0', 43, 1365, '/'),
	('770d6d56-798e-410c-93ac-60a4ebe14d1d', 'VUk6T1PcLSzkhywo_a-n', '2023-10-10 11:38:27', 'desktop', 'Windows 10.0', 'Chrome', '117.0.0.0', 48, 1920, '/'),
	('7eb7032b-36e4-4a3d-85e8-e28d71662a0e', 'VUk6T1PcLSzkhywo_a-n', '2023-10-10 13:09:06', 'desktop', 'Windows 10.0', 'Chrome', '117.0.0.0', 124, 1365, '/'),
	('7f9b0741-52d8-473b-b9c7-045b77c55a0f', 'ccdsEmQ-_ygo7OATdiiF', '2023-10-10 10:14:05', 'desktop', 'Windows 10.0', 'Firefox', '118.0', 101, 1920, '/mon-compte'),
	('818742a1-e129-40a5-b27e-f396d0acb5cb', '2wcbikO_kvvw2Yceagvm', '2023-10-08 11:11:56', 'desktop', 'Windows 10.0', 'Chrome', '117.0.0.0', 205, 982, '/'),
	('84b39f52-4f61-44d5-98b3-c33a068c3282', 'jgJGfdyMMJ0RSmQ0fOu0', '2023-10-07 20:21:59', 'desktop', 'Windows 10.0', 'Chrome', '117.0.0.0', 147, 1536, '/connexion'),
	('85bc7bc9-5c9c-47cb-8cdd-468bf7189de3', 'VUk6T1PcLSzkhywo_a-n', '2023-10-10 11:36:56', 'desktop', 'Windows 10.0', 'Chrome', '117.0.0.0', 26, 1920, '/'),
	('87e6ebe8-cb19-40e6-a688-a9a5adba20e8', 'VUk6T1PcLSzkhywo_a-n', '2023-10-10 13:00:00', 'desktop', 'Windows 10.0', 'Chrome', '117.0.0.0', 79, 1365, '/'),
	('8f64d90d-2eaf-4c05-a97d-f3d52b217733', 'VUk6T1PcLSzkhywo_a-n', '2023-10-10 12:51:44', 'desktop', 'Windows 10.0', 'Chrome', '117.0.0.0', 9, 1365, '/'),
	('8f664d63-2a6d-4eb2-8a99-4bb356bc24ae', '2wcbikO_kvvw2Yceagvm', '2023-10-08 11:10:16', 'desktop', 'Windows 10.0', 'Chrome', '117.0.0.0', 46, 1536, '/'),
	('8f9cdae6-97e8-4a46-87e3-45b457c0355f', 'VUk6T1PcLSzkhywo_a-n', '2023-10-10 13:11:02', 'desktop', 'Windows 10.0', 'Chrome', '117.0.0.0', 8, 1365, '/'),
	('90f9abaa-b55f-4ff3-a50d-a888b3aea57e', 'ccdsEmQ-_ygo7OATdiiF', '2023-10-10 10:15:49', 'desktop', 'Windows 10.0', 'Firefox', '118.0', 16, 1920, '/'),
	('9c5167e6-17e0-4d5d-a1f8-33edc77efd47', 'jgJGfdyMMJ0RSmQ0fOu0', '2023-10-07 19:12:09', 'desktop', 'Windows 10.0', 'Chrome', '117.0.0.0', 38, 1536, '/connexion'),
	('9ded3b67-d8ae-4836-83b6-c7859b3cf5bd', '2wcbikO_kvvw2Yceagvm', '2023-10-08 11:20:02', 'desktop', 'Windows 10.0', 'Chrome', '117.0.0.0', 1167, 982, '/'),
	('a00c1e25-0a66-481b-b613-711bad582591', 'jgJGfdyMMJ0RSmQ0fOu0', '2023-10-07 21:25:10', 'desktop', 'Windows 10.0', 'Chrome', '117.0.0.0', 175, 1536, '/connexion'),
	('a2b58f23-3c5c-47f1-ad5a-dff56b893e40', 'jgJGfdyMMJ0RSmQ0fOu0', '2023-10-07 21:24:34', 'desktop', 'Windows 10.0', 'Chrome', '117.0.0.0', 35, 1536, '/connexion'),
	('a5f12653-d318-4b69-82dc-298e44943a72', 'VUk6T1PcLSzkhywo_a-n', '2023-10-10 13:03:58', 'desktop', 'Windows 10.0', 'Chrome', '117.0.0.0', 63, 1365, '/'),
	('aace0382-c2da-47d4-b8f1-32f3775b3b4f', 'VUk6T1PcLSzkhywo_a-n', '2023-10-10 12:30:21', 'desktop', 'Windows 10.0', 'Chrome', '117.0.0.0', 12, 952, '/'),
	('aba6371d-1b04-4249-9ab6-74f604f9be30', 'jgJGfdyMMJ0RSmQ0fOu0', '2023-10-07 19:12:49', 'desktop', 'Windows 10.0', 'Chrome', '117.0.0.0', 30, 1536, '/connexion'),
	('aca86237-047f-43dc-a95c-a6e9c214532b', 'ccdsEmQ-_ygo7OATdiiF', '2023-10-10 10:16:16', 'desktop', 'Windows 10.0', 'Firefox', '118.0', 19, 1920, '/mon-compte'),
	('b1d1f483-7882-4c1c-ab27-ff29d5ef6ecd', 'jgJGfdyMMJ0RSmQ0fOu0', '2023-10-07 20:19:18', 'desktop', 'Windows 10.0', 'Chrome', '117.0.0.0', 68, 1536, '/connexion'),
	('b4577e24-4ddd-49a6-a6ea-8a622046528e', '2wcbikO_kvvw2Yceagvm', '2023-10-10 09:09:44', 'desktop', 'Windows 10.0', 'Chrome', '117.0.0.0', 2337, 1536, '/'),
	('be4a1d0e-a031-46fc-bbb3-74041a0bf7bb', 'jgJGfdyMMJ0RSmQ0fOu0', '2023-10-07 20:20:31', 'desktop', 'Windows 10.0', 'Chrome', '117.0.0.0', 42, 1536, '/'),
	('bebcf3f9-7cb3-478f-955d-74fb13dfa26a', 'VUk6T1PcLSzkhywo_a-n', '2023-10-10 13:11:13', 'desktop', 'Windows 10.0', 'Chrome', '117.0.0.0', 93, 1365, '/'),
	('bf4c1d4e-5902-46bc-92db-b9182d81cf40', '2wcbikO_kvvw2Yceagvm', '2023-10-08 11:11:04', 'desktop', 'Windows 10.0', 'Chrome', '117.0.0.0', 21, 1536, '/'),
	('c2e4e2dd-b0c8-4b9c-bb14-72f3235d257b', 'VUk6T1PcLSzkhywo_a-n', '2023-10-10 11:39:16', 'desktop', 'Windows 10.0', 'Chrome', '117.0.0.0', 43, 1920, '/'),
	('c4f057dd-0ed6-41b4-a899-79c094d22886', 'VUk6T1PcLSzkhywo_a-n', '2023-10-10 11:41:15', 'desktop', 'Windows 10.0', 'Chrome', '117.0.0.0', 2894, 1920, '/'),
	('c73c7bc4-a2b7-4410-9197-17121e4c2cd6', '2wcbikO_kvvw2Yceagvm', '2023-10-08 11:09:20', 'desktop', 'Windows 10.0', 'Chrome', '117.0.0.0', 53, 1536, '/'),
	('cc557207-d7b8-4c03-804a-08c0128e9c21', 'VUk6T1PcLSzkhywo_a-n', '2023-10-10 13:58:39', 'desktop', 'Windows 10.0', 'Chrome', '117.0.0.0', 7887, 1365, '/'),
	('cf400222-4183-4c67-b304-37a766887011', 'VUk6T1PcLSzkhywo_a-n', '2023-10-10 13:03:10', 'desktop', 'Windows 10.0', 'Chrome', '117.0.0.0', 47, 1365, '/'),
	('cf734939-c465-49e7-bc58-db407a8ec5f3', 'VUk6T1PcLSzkhywo_a-n', '2023-10-10 12:31:51', 'desktop', 'Windows 10.0', 'Chrome', '117.0.0.0', 25, 1365, '/'),
	('d3c26d79-77f0-475a-9bea-bd04055aac9e', 'jgJGfdyMMJ0RSmQ0fOu0', '2023-10-07 19:46:15', 'desktop', 'Windows 10.0', 'Chrome', '117.0.0.0', 102, 1536, '/admin/users'),
	('d4770756-ab0d-40a0-8b22-dfa21e308071', 'VUk6T1PcLSzkhywo_a-n', '2023-10-10 12:30:36', 'desktop', 'Windows 10.0', 'Chrome', '117.0.0.0', 72, 1365, '/'),
	('da8ab0c0-fd4c-442d-8481-6c18b1ddee70', 'jgJGfdyMMJ0RSmQ0fOu0', '2023-10-07 20:24:28', 'desktop', 'Windows 10.0', 'Chrome', '117.0.0.0', 3046, 1536, '/connexion'),
	('df5dd619-8e12-41a7-864d-ec1509d8b27c', 'VUk6T1PcLSzkhywo_a-n', '2023-10-10 16:10:08', 'desktop', 'Windows 10.0', 'Chrome', '117.0.0.0', 48, 1365, '/'),
	('e7ed4f60-95d8-4df6-9d96-e3a040963241', '2wcbikO_kvvw2Yceagvm', '2023-10-10 09:50:55', 'desktop', 'Windows 10.0', 'Chrome', '117.0.0.0', 202, 1536, '/'),
	('ebec51a7-aecb-4a9a-a474-dd849ac1be35', 'VUk6T1PcLSzkhywo_a-n', '2023-10-10 11:38:22', 'desktop', 'Windows 10.0', 'Chrome', '117.0.0.0', 4, 1920, '/'),
	('f07e0e2d-61c0-44c3-ba9c-335a4d16aeab', 'ccdsEmQ-_ygo7OATdiiF', '2023-10-10 10:16:06', 'desktop', 'Windows 10.0', 'Firefox', '118.0', 8, 1920, '/mon-compte'),
	('f0e57e32-ae8e-4a5e-8d53-e9a0e8174bed', 'VUk6T1PcLSzkhywo_a-n', '2023-10-10 13:28:17', 'desktop', 'Windows 10.0', 'Chrome', '117.0.0.0', 1820, 1920, '/'),
	('f10e4e4d-6c1f-4458-9ffb-5d0d27966b57', 'jgJGfdyMMJ0RSmQ0fOu0', '2023-10-07 21:23:37', 'desktop', 'Windows 10.0', 'Chrome', '117.0.0.0', 24, 1536, '/connexion'),
	('fbde12ae-2599-4808-81f1-1547c623cfda', 'VUk6T1PcLSzkhywo_a-n', '2023-10-10 12:51:55', 'desktop', 'Windows 10.0', 'Chrome', '117.0.0.0', 118, 1365, '/'),
	('fd6e8809-5298-4e02-b439-0eb40d3ea923', 'VUk6T1PcLSzkhywo_a-n', '2023-10-10 11:34:08', 'desktop', 'Windows 10.0', 'Chrome', '117.0.0.0', 166, 1365, '/');

-- Listage de la structure de la table village. classroom
CREATE TABLE IF NOT EXISTS `classroom` (
  `id` int NOT NULL AUTO_INCREMENT,
  `name` varchar(255) CHARACTER SET utf8mb4 COLLATE utf8mb4_unicode_ci DEFAULT NULL,
  `avatar` varchar(255) CHARACTER SET utf8mb4 COLLATE utf8mb4_unicode_ci DEFAULT NULL,
  `delayedDays` int DEFAULT '0',
  `countryCode` varchar(2) CHARACTER SET utf8mb4 COLLATE utf8mb4_unicode_ci DEFAULT NULL,
  `hasVisibilitySetToClass` tinyint DEFAULT '0',
  `userId` int DEFAULT NULL,
  `villageId` int DEFAULT NULL,
  PRIMARY KEY (`id`),
  UNIQUE KEY `REL_6f2187911a8faba7c91a83194d` (`userId`),
  KEY `ClassroomVillageFK` (`villageId`),
  CONSTRAINT `ClassroomUserFK` FOREIGN KEY (`userId`) REFERENCES `user` (`id`) ON DELETE CASCADE,
  CONSTRAINT `ClassroomVillageFK` FOREIGN KEY (`villageId`) REFERENCES `village` (`id`) ON DELETE CASCADE
) ENGINE=InnoDB AUTO_INCREMENT=10 DEFAULT CHARSET=utf8mb4 COLLATE=utf8mb4_unicode_ci;

-- Listage des données de la table village.classroom : ~9 rows (environ)
REPLACE INTO `classroom` (`id`, `name`, `avatar`, `delayedDays`, `countryCode`, `hasVisibilitySetToClass`, `userId`, `villageId`) VALUES
	(1, NULL, NULL, 0, 'FR', 1, 2, 1),
	(2, NULL, NULL, 0, 'FR', 1, 3, 1),
	(3, NULL, NULL, 0, 'VN', 0, 4, 1),
	(4, NULL, NULL, 0, 'VN', 0, 5, 1),
	(5, NULL, NULL, 0, 'CH', 0, 6, 2),
	(6, NULL, NULL, 0, 'CH', 0, 7, 2),
	(7, NULL, NULL, 0, 'PT', 0, 8, 2),
	(8, NULL, NULL, 0, 'PT', 0, 9, 2),
	(9, NULL, NULL, 0, 'ML', 0, 10, 3);

-- Listage de la structure de la table village. comment
CREATE TABLE IF NOT EXISTS `comment` (
  `id` int NOT NULL AUTO_INCREMENT,
  `userId` int NOT NULL,
  `activityId` int NOT NULL,
  `createDate` datetime(6) NOT NULL DEFAULT CURRENT_TIMESTAMP(6),
  `updateDate` datetime(6) NOT NULL DEFAULT CURRENT_TIMESTAMP(6) ON UPDATE CURRENT_TIMESTAMP(6),
  `text` text CHARACTER SET utf8mb4 COLLATE utf8mb4_unicode_ci NOT NULL,
  PRIMARY KEY (`id`),
  KEY `FK_43edbd83eb91401b157f9895ea5` (`activityId`),
  KEY `FK_c0354a9a009d3bb45a08655ce3b` (`userId`),
  CONSTRAINT `FK_43edbd83eb91401b157f9895ea5` FOREIGN KEY (`activityId`) REFERENCES `activity` (`id`) ON DELETE CASCADE,
  CONSTRAINT `FK_c0354a9a009d3bb45a08655ce3b` FOREIGN KEY (`userId`) REFERENCES `user` (`id`) ON DELETE CASCADE
) ENGINE=InnoDB DEFAULT CHARSET=utf8mb4 COLLATE=utf8mb4_unicode_ci;

-- Listage des données de la table village.comment : ~0 rows (environ)

-- Listage de la structure de la table village. feature_flag
CREATE TABLE IF NOT EXISTS `feature_flag` (
  `id` int NOT NULL AUTO_INCREMENT,
  `name` varchar(255) CHARACTER SET utf8mb4 COLLATE utf8mb4_unicode_ci NOT NULL,
  `isEnabled` tinyint NOT NULL DEFAULT '0',
  PRIMARY KEY (`id`),
  UNIQUE KEY `IDX_0cb1810eca363db1e0bf13c3cf` (`name`)
) ENGINE=InnoDB AUTO_INCREMENT=2 DEFAULT CHARSET=utf8mb4 COLLATE=utf8mb4_unicode_ci;

-- Listage des données de la table village.feature_flag : ~0 rows (environ)
REPLACE INTO `feature_flag` (`id`, `name`, `isEnabled`) VALUES
	(1, 'id-family', 1);

-- Listage de la structure de la table village. game
CREATE TABLE IF NOT EXISTS `game` (
  `id` int NOT NULL AUTO_INCREMENT,
  `createDate` datetime(6) NOT NULL DEFAULT CURRENT_TIMESTAMP(6),
  `updateDate` datetime(6) NOT NULL DEFAULT CURRENT_TIMESTAMP(6) ON UPDATE CURRENT_TIMESTAMP(6),
  `deleteDate` datetime(6) DEFAULT NULL,
  `userId` int NOT NULL,
  `villageId` int NOT NULL,
  `activityId` int NOT NULL,
  `type` tinyint DEFAULT NULL,
  `fakeSignification1` text CHARACTER SET utf8mb4 COLLATE utf8mb4_unicode_ci NOT NULL,
  `fakeSignification2` text CHARACTER SET utf8mb4 COLLATE utf8mb4_unicode_ci NOT NULL,
  `origine` text CHARACTER SET utf8mb4 COLLATE utf8mb4_unicode_ci NOT NULL,
  `signification` text CHARACTER SET utf8mb4 COLLATE utf8mb4_unicode_ci NOT NULL,
  `video` text CHARACTER SET utf8mb4 COLLATE utf8mb4_unicode_ci NOT NULL,
  PRIMARY KEY (`id`),
  KEY `FK_a8106c0a84d70ecfc3358301c54` (`userId`),
  KEY `FK_da0ecad97069e6dd256857358a7` (`villageId`),
  KEY `FK_eb424044e76957a3b9f814067f3` (`activityId`),
  CONSTRAINT `FK_a8106c0a84d70ecfc3358301c54` FOREIGN KEY (`userId`) REFERENCES `user` (`id`) ON DELETE CASCADE,
  CONSTRAINT `FK_da0ecad97069e6dd256857358a7` FOREIGN KEY (`villageId`) REFERENCES `village` (`id`) ON DELETE CASCADE,
  CONSTRAINT `FK_eb424044e76957a3b9f814067f3` FOREIGN KEY (`activityId`) REFERENCES `activity` (`id`) ON DELETE CASCADE
) ENGINE=InnoDB DEFAULT CHARSET=utf8mb4 COLLATE=utf8mb4_unicode_ci;

-- Listage des données de la table village.game : ~0 rows (environ)

-- Listage de la structure de la table village. game_response
CREATE TABLE IF NOT EXISTS `game_response` (
  `id` int NOT NULL AUTO_INCREMENT,
  `createDate` datetime(6) NOT NULL DEFAULT CURRENT_TIMESTAMP(6),
  `updateDate` datetime(6) NOT NULL DEFAULT CURRENT_TIMESTAMP(6) ON UPDATE CURRENT_TIMESTAMP(6),
  `deleteDate` datetime(6) DEFAULT NULL,
  `userId` int NOT NULL,
  `villageId` int NOT NULL,
  `gameId` int NOT NULL,
  `value` text CHARACTER SET utf8mb4 COLLATE utf8mb4_unicode_ci NOT NULL,
  PRIMARY KEY (`id`),
  KEY `FK_472d93272998bbe1f47ababe76b` (`userId`),
  KEY `FK_c2ac9c3907457e9ca456ec6ef98` (`villageId`),
  KEY `FK_3a0c737a217bbd6bbd268203fb8` (`gameId`),
  CONSTRAINT `FK_3a0c737a217bbd6bbd268203fb8` FOREIGN KEY (`gameId`) REFERENCES `game` (`id`) ON DELETE CASCADE,
  CONSTRAINT `FK_472d93272998bbe1f47ababe76b` FOREIGN KEY (`userId`) REFERENCES `user` (`id`) ON DELETE CASCADE,
  CONSTRAINT `FK_c2ac9c3907457e9ca456ec6ef98` FOREIGN KEY (`villageId`) REFERENCES `village` (`id`) ON DELETE CASCADE
) ENGINE=InnoDB DEFAULT CHARSET=utf8mb4 COLLATE=utf8mb4_unicode_ci;

-- Listage des données de la table village.game_response : ~0 rows (environ)

-- Listage de la structure de la table village. image
CREATE TABLE IF NOT EXISTS `image` (
  `id` int NOT NULL AUTO_INCREMENT,
  `createDate` datetime(6) NOT NULL DEFAULT CURRENT_TIMESTAMP(6),
  `updateDate` datetime(6) NOT NULL DEFAULT CURRENT_TIMESTAMP(6) ON UPDATE CURRENT_TIMESTAMP(6),
  `deleteDate` datetime(6) DEFAULT NULL,
  `userId` int NOT NULL,
  `villageId` int NOT NULL,
  `activityId` int NOT NULL,
  `imageType` tinyint NOT NULL,
  `imageUrl` text CHARACTER SET utf8mb4 COLLATE utf8mb4_unicode_ci NOT NULL,
  `inspiredStoryId` int NOT NULL,
  PRIMARY KEY (`id`),
  KEY `FK_dc40417dfa0c7fbd70b8eb880cc` (`userId`),
  KEY `FK_113ef388a86b315ee4f69795802` (`villageId`),
  KEY `FK_21b660ac3034e8cd7e2f343a9c4` (`activityId`),
  CONSTRAINT `FK_113ef388a86b315ee4f69795802` FOREIGN KEY (`villageId`) REFERENCES `village` (`id`) ON DELETE CASCADE,
  CONSTRAINT `FK_21b660ac3034e8cd7e2f343a9c4` FOREIGN KEY (`activityId`) REFERENCES `activity` (`id`) ON DELETE CASCADE,
  CONSTRAINT `FK_dc40417dfa0c7fbd70b8eb880cc` FOREIGN KEY (`userId`) REFERENCES `user` (`id`) ON DELETE CASCADE
) ENGINE=InnoDB DEFAULT CHARSET=utf8mb4 COLLATE=utf8mb4_unicode_ci;

-- Listage des données de la table village.image : ~0 rows (environ)

-- Listage de la structure de la table village. migrations
CREATE TABLE IF NOT EXISTS `migrations` (
  `id` int NOT NULL AUTO_INCREMENT,
  `timestamp` bigint NOT NULL,
  `name` varchar(255) CHARACTER SET utf8mb4 COLLATE utf8mb4_unicode_ci NOT NULL,
  PRIMARY KEY (`id`)
) ENGINE=InnoDB AUTO_INCREMENT=12 DEFAULT CHARSET=utf8mb4 COLLATE=utf8mb4_unicode_ci;

-- Listage des données de la table village.migrations : ~11 rows (environ)
REPLACE INTO `migrations` (`id`, `timestamp`, `name`) VALUES
	(1, 1675763011163, 'GameAddJsonColumns1675763011163'),
	(2, 1675763051163, 'CreateClassroomTable1675763051163'),
	(3, 1675763075677, 'CreateStudentTable1675763075677'),
	(4, 1675763247781, 'CreateUserStudentTable1675763247781'),
	(5, 1675763496759, 'AlterActivityTable1675763496759'),
	(6, 1675763659256, 'AlterUserTable1675763659256'),
	(7, 1678113524215, 'alterToken1678113524215'),
	(8, 1678353976535, 'AlterClassroom1678353976535'),
	(9, 1678809291061, 'AddCascades1678809291061'),
	(10, 1679254082345, 'CreateFeatureFlagTable1679254082345'),
	(11, 1679254082349, 'AddCascadesForVillageAndStudentDeletion1679254082349');

-- Listage de la structure de la table village. student
CREATE TABLE IF NOT EXISTS `student` (
  `id` int NOT NULL AUTO_INCREMENT,
  `firstname` varchar(100) CHARACTER SET utf8mb4 COLLATE utf8mb4_unicode_ci DEFAULT NULL,
  `lastname` varchar(255) CHARACTER SET utf8mb4 COLLATE utf8mb4_unicode_ci NOT NULL,
  `hashedCode` varchar(255) CHARACTER SET utf8mb4 COLLATE utf8mb4_unicode_ci NOT NULL,
  `numLinkedAccount` tinyint DEFAULT '0',
  `classroomId` int DEFAULT NULL,
  PRIMARY KEY (`id`),
  KEY `StudentClassroomFK` (`classroomId`),
  CONSTRAINT `StudentClassroomFK` FOREIGN KEY (`classroomId`) REFERENCES `classroom` (`id`) ON DELETE CASCADE
) ENGINE=InnoDB AUTO_INCREMENT=5 DEFAULT CHARSET=utf8mb4 COLLATE=utf8mb4_unicode_ci;

-- Listage des données de la table village.student : ~4 rows (environ)
REPLACE INTO `student` (`id`, `firstname`, `lastname`, `hashedCode`, `numLinkedAccount`, `classroomId`) VALUES
	(1, 'Classe Fr A', 'Parent A', 'iW-_6zLM9e', 1, 1),
	(2, 'Classe Fr A', 'Parent B', '13v2rXscOf', 1, 1),
	(3, 'Classe Fr B', 'Parent A', 'Nrp7vvSxbV', 1, 2),
	(4, 'Classe Fr B', 'Parent B', 'KCCrEBp5XG', 1, 2);

-- Listage de la structure de la table village. token
CREATE TABLE IF NOT EXISTS `token` (
  `id` int NOT NULL AUTO_INCREMENT,
  `token` varchar(300) CHARACTER SET utf8mb4 COLLATE utf8mb4_unicode_ci DEFAULT NULL,
  `userId` int NOT NULL,
  `date` datetime(6) NOT NULL DEFAULT CURRENT_TIMESTAMP(6),
  PRIMARY KEY (`id`)
) ENGINE=InnoDB AUTO_INCREMENT=14 DEFAULT CHARSET=utf8mb4 COLLATE=utf8mb4_unicode_ci;

-- Listage des données de la table village.token : ~0 rows (environ)

-- Listage de la structure de la table village. user
CREATE TABLE IF NOT EXISTS `user` (
  `id` int NOT NULL AUTO_INCREMENT,
  `email` varchar(255) CHARACTER SET utf8mb4 COLLATE utf8mb4_unicode_ci NOT NULL,
  `pseudo` varchar(50) CHARACTER SET utf8mb4 COLLATE utf8mb4_unicode_ci NOT NULL DEFAULT '',
  `firstname` varchar(50) CHARACTER SET utf8mb4 COLLATE utf8mb4_unicode_ci NOT NULL DEFAULT '',
  `lastname` varchar(100) CHARACTER SET utf8mb4 COLLATE utf8mb4_unicode_ci NOT NULL DEFAULT '',
  `level` varchar(50) CHARACTER SET utf8mb4 COLLATE utf8mb4_unicode_ci NOT NULL DEFAULT '',
  `school` varchar(255) CHARACTER SET utf8mb4 COLLATE utf8mb4_unicode_ci NOT NULL DEFAULT '',
  `city` varchar(128) CHARACTER SET utf8mb4 COLLATE utf8mb4_unicode_ci NOT NULL DEFAULT '',
  `postalCode` varchar(20) CHARACTER SET utf8mb4 COLLATE utf8mb4_unicode_ci NOT NULL DEFAULT '',
  `address` varchar(255) CHARACTER SET utf8mb4 COLLATE utf8mb4_unicode_ci NOT NULL DEFAULT '',
  `avatar` text CHARACTER SET utf8mb4 COLLATE utf8mb4_unicode_ci,
  `displayName` varchar(400) CHARACTER SET utf8mb4 COLLATE utf8mb4_unicode_ci DEFAULT NULL,
  `hasAcceptedNewsletter` tinyint NOT NULL DEFAULT '0',
  `language` varchar(400) CHARACTER SET utf8mb4 COLLATE utf8mb4_unicode_ci NOT NULL DEFAULT 'français',
  `accountRegistration` int NOT NULL DEFAULT '0',
  `passwordHash` varchar(300) CHARACTER SET utf8mb4 COLLATE utf8mb4_unicode_ci NOT NULL,
  `verificationHash` varchar(300) CHARACTER SET utf8mb4 COLLATE utf8mb4_unicode_ci NOT NULL DEFAULT '',
  `isVerified` tinyint NOT NULL DEFAULT '0',
  `firstLogin` tinyint NOT NULL DEFAULT '0',
  `villageId` int DEFAULT NULL,
  `countryCode` varchar(2) CHARACTER SET utf8mb4 COLLATE utf8mb4_unicode_ci DEFAULT NULL,
  `positionLat` decimal(11,8) NOT NULL DEFAULT '0.00000000',
  `positionLon` decimal(11,8) NOT NULL DEFAULT '0.00000000',
  `hasStudentLinked` tinyint NOT NULL DEFAULT '0',
  `type` tinyint NOT NULL,
  PRIMARY KEY (`id`),
  UNIQUE KEY `IDX_e12875dfb3b1d92d7d7c5377e2` (`email`),
  KEY `FK_2583b4710ea9710eedddb3e7e9f` (`villageId`),
  CONSTRAINT `FK_2583b4710ea9710eedddb3e7e9f` FOREIGN KEY (`villageId`) REFERENCES `village` (`id`) ON DELETE SET NULL
) ENGINE=InnoDB AUTO_INCREMENT=27 DEFAULT CHARSET=utf8mb4 COLLATE=utf8mb4_unicode_ci;

-- Listage des données de la table village.user : ~25 rows (environ)
REPLACE INTO `user` (`id`, `email`, `pseudo`, `firstname`, `lastname`, `level`, `school`, `city`, `postalCode`, `address`, `avatar`, `displayName`, `hasAcceptedNewsletter`, `language`, `accountRegistration`, `passwordHash`, `verificationHash`, `isVerified`, `firstLogin`, `villageId`, `countryCode`, `positionLat`, `positionLon`, `hasStudentLinked`, `type`) VALUES
	(1, 'admin.1village@parlemonde.org', 'PLMO1_admin', '', '', '', 'Asso Par Le Monde', '', '', '', NULL, NULL, 0, 'français', 0, '$argon2i$v=19$m=4096,t=3,p=1$kpq/csd11sHZDNX4ChLxYw$1PR5AINkACDDS6/wavsLUTRWBj9gT61kdrrQLKbDFcU', '$argon2i$v=19$m=4096,t=3,p=1$kpq/csd11sHZDNX4ChLxYw$1PR5AINkACDDS6/wavsLUTRWBj9gT61kdrrQLKbDFcU', 1, 1, NULL, 'FR', 0.00000000, 0.00000000, 0, 0),
	(2, 'prof_fr_a@mail.fr', 'Prof Fr A', '', '', 'CP', 'école fr a', 'ville fr a', '11111', 'rue fr a', NULL, NULL, 0, 'français', 0, '$argon2i$v=19$m=4096,t=3,p=1$kpq/csd11sHZDNX4ChLxYw$1PR5AINkACDDS6/wavsLUTRWBj9gT61kdrrQLKbDFcU', '$argon2i$v=19$m=4096,t=3,p=1$kpq/csd11sHZDNX4ChLxYw$1PR5AINkACDDS6/wavsLUTRWBj9gT61kdrrQLKbDFcU', 1, 1, 1, 'FR', 16.23749290, -61.53443080, 0, 3),
	(3, 'prof_fr_b@mail.fr', 'Prof Fr B', '', '', 'CE2', 'école fr b', 'ville fr a', '11111', 'rue fr b', NULL, NULL, 0, 'français', 0, '$argon2i$v=19$m=4096,t=3,p=1$kpq/csd11sHZDNX4ChLxYw$1PR5AINkACDDS6/wavsLUTRWBj9gT61kdrrQLKbDFcU', '$argon2i$v=19$m=4096,t=3,p=1$kpq/csd11sHZDNX4ChLxYw$1PR5AINkACDDS6/wavsLUTRWBj9gT61kdrrQLKbDFcU', 1, 1, 1, 'FR', 16.23749290, -61.53443080, 0, 3),
	(4, 'prof_vn_a@mail.vn', 'Prof Vn A', '', '', 'CP', 'école vn a', 'ville vn a', '22222', 'rue vn a', NULL, NULL, 0, 'français', 0, '$argon2i$v=19$m=4096,t=3,p=1$kpq/csd11sHZDNX4ChLxYw$1PR5AINkACDDS6/wavsLUTRWBj9gT61kdrrQLKbDFcU', '$argon2i$v=19$m=4096,t=3,p=1$kpq/csd11sHZDNX4ChLxYw$1PR5AINkACDDS6/wavsLUTRWBj9gT61kdrrQLKbDFcU', 1, 1, 1, 'VN', 15.92666570, 107.96508550, 0, 3),
	(5, 'prof_vn_b@mail.vn', 'Prof Vn B', '', '', 'CE2', 'école vn b', 'ville vn b', '22222', 'rue vn b', NULL, NULL, 0, 'français', 0, '$argon2i$v=19$m=4096,t=3,p=1$kpq/csd11sHZDNX4ChLxYw$1PR5AINkACDDS6/wavsLUTRWBj9gT61kdrrQLKbDFcU', '$argon2i$v=19$m=4096,t=3,p=1$kpq/csd11sHZDNX4ChLxYw$1PR5AINkACDDS6/wavsLUTRWBj9gT61kdrrQLKbDFcU', 1, 1, 1, 'VN', 15.92666570, 107.96508550, 0, 3),
	(6, 'prof_ch_a@mail.ch', 'Prof Ch A', '', '', 'CM1', 'écolde ch a', 'ville ch a', '11111', 'rue ch a', NULL, NULL, 0, 'français', 0, '$argon2i$v=19$m=4096,t=3,p=1$kpq/csd11sHZDNX4ChLxYw$1PR5AINkACDDS6/wavsLUTRWBj9gT61kdrrQLKbDFcU', '$argon2i$v=19$m=4096,t=3,p=1$kpq/csd11sHZDNX4ChLxYw$1PR5AINkACDDS6/wavsLUTRWBj9gT61kdrrQLKbDFcU', 1, 1, 2, 'CH', 46.79856240, 8.23197360, 0, 3),
	(7, 'prof_ch_b@mail.ch', 'Prof Ch B', '', '', 'CE1', 'écolde ch b', 'ville ch b', '11111', 'rue ch b', NULL, NULL, 0, 'français', 0, '$argon2i$v=19$m=4096,t=3,p=1$kpq/csd11sHZDNX4ChLxYw$1PR5AINkACDDS6/wavsLUTRWBj9gT61kdrrQLKbDFcU', '$argon2i$v=19$m=4096,t=3,p=1$kpq/csd11sHZDNX4ChLxYw$1PR5AINkACDDS6/wavsLUTRWBj9gT61kdrrQLKbDFcU', 1, 1, 2, 'CH', 46.79856240, 8.23197360, 0, 3),
	(8, 'prof_pt_a@mail.pt', 'Prof Pt A', '', '', 'CM1', 'école pt a', 'ville pt a', '22222', 'rue pt a', NULL, NULL, 0, 'français', 0, '$argon2i$v=19$m=4096,t=3,p=1$kpq/csd11sHZDNX4ChLxYw$1PR5AINkACDDS6/wavsLUTRWBj9gT61kdrrQLKbDFcU', '$argon2i$v=19$m=4096,t=3,p=1$kpq/csd11sHZDNX4ChLxYw$1PR5AINkACDDS6/wavsLUTRWBj9gT61kdrrQLKbDFcU', 1, 1, 2, 'PT', 39.66216480, -8.13535190, 0, 3),
	(9, 'prof_pt_b@mail.pt', 'Prof Pt B', '', '', 'CE1', 'école pt b', 'ville pt b', '22222', 'rue pt b', NULL, NULL, 0, 'français', 0, '$argon2i$v=19$m=4096,t=3,p=1$kpq/csd11sHZDNX4ChLxYw$1PR5AINkACDDS6/wavsLUTRWBj9gT61kdrrQLKbDFcU', '$argon2i$v=19$m=4096,t=3,p=1$kpq/csd11sHZDNX4ChLxYw$1PR5AINkACDDS6/wavsLUTRWBj9gT61kdrrQLKbDFcU', 1, 1, 2, 'PT', 39.66216480, -8.13535190, 0, 3),
	(10, 'prof_ml_a@mail.ml', 'Porf Ml A', '', '', 'CM2', 'école ml a', 'ville ml a', '11111', 'rue ml a', NULL, NULL, 0, 'français', 0, '$argon2i$v=19$m=4096,t=3,p=1$kpq/csd11sHZDNX4ChLxYw$1PR5AINkACDDS6/wavsLUTRWBj9gT61kdrrQLKbDFcU', '$argon2i$v=19$m=4096,t=3,p=1$kpq/csd11sHZDNX4ChLxYw$1PR5AINkACDDS6/wavsLUTRWBj9gT61kdrrQLKbDFcU', 1, 3, 3, 'ML', 16.37003590, -2.29002390, 0, 3),
	(11, 'prof_ml_b@mail.ml', 'Porf Ml B', '', '', 'CE2', 'école ml b', 'ville ml b', '11111', 'rue ml b', NULL, NULL, 0, 'français', 0, '$argon2i$v=19$m=4096,t=3,p=1$kpq/csd11sHZDNX4ChLxYw$1PR5AINkACDDS6/wavsLUTRWBj9gT61kdrrQLKbDFcU', '$argon2i$v=19$m=4096,t=3,p=1$kpq/csd11sHZDNX4ChLxYw$1PR5AINkACDDS6/wavsLUTRWBj9gT61kdrrQLKbDFcU', 1, 1, 3, 'ML', 16.37003590, -2.29002390, 0, 3),
	(12, 'prof_pa_a@mail.pa', 'Prof Pa A', '', '', 'CE2', 'école pa a', 'ville pa a', '11111', 'rue pa a', NULL, NULL, 0, 'français', 0, '$argon2i$v=19$m=4096,t=3,p=1$OpIzfWV2FmTuvrEtefq4Lg$8kQJ4JB/+Y7bh6HZXeT6Yn2ekoXFrCHNqPHTGC65wYI', '$argon2i$v=19$m=4096,t=3,p=1$ZUE3x4zVjLgZxeCd8GKvgw$Y57DR4DEjquhvoIScYtjFHjixr6W3M8X2lmamewidmw', 1, 1, 3, 'PA', 18.52051660, -72.29283857, 0, 3),
	(13, 'prof_pa_b@mail.pa', 'Prof Pa B', '', '', 'CE2', 'école pa b', 'ville pa b', '11111', 'rue pa b', NULL, NULL, 0, 'français', 0, '$argon2i$v=19$m=4096,t=3,p=1$OpIzfWV2FmTuvrEtefq4Lg$8kQJ4JB/+Y7bh6HZXeT6Yn2ekoXFrCHNqPHTGC65wYI', '$argon2i$v=19$m=4096,t=3,p=1$ZUE3x4zVjLgZxeCd8GKvgw$Y57DR4DEjquhvoIScYtjFHjixr6W3M8X2lmamewidmw', 1, 1, 3, 'PA', 18.52051660, -72.29283857, 0, 3),
	(15, 'parent_fr_a@mail.fr', '', '', '', '', '', '', '', '', NULL, NULL, 0, 'français', 0, '$argon2i$v=19$m=4096,t=3,p=1$kpq/csd11sHZDNX4ChLxYw$1PR5AINkACDDS6/wavsLUTRWBj9gT61kdrrQLKbDFcU', '$argon2i$v=19$m=4096,t=3,p=1$kpq/csd11sHZDNX4ChLxYw$1PR5AINkACDDS6/wavsLUTRWBj9gT61kdrrQLKbDFcU', 1, 1, 1, 'FR', 18.52051660, -72.29283857, 1, 4),
	(16, 'parent_fr_b@mail.fr', '', '', '', '', '', '', '', '', NULL, NULL, 0, 'français', 0, '$argon2i$v=19$m=4096,t=3,p=1$kpq/csd11sHZDNX4ChLxYw$1PR5AINkACDDS6/wavsLUTRWBj9gT61kdrrQLKbDFcU', '$argon2i$v=19$m=4096,t=3,p=1$kpq/csd11sHZDNX4ChLxYw$1PR5AINkACDDS6/wavsLUTRWBj9gT61kdrrQLKbDFcU', 1, 1, 1, 'FR', 18.52051660, -72.29283857, 1, 4),
	(17, 'parent_vn_a@mail.vn', '', '', '', '', '', '', '', '', NULL, NULL, 0, 'français', 0, '$argon2i$v=19$m=4096,t=3,p=1$OpIzfWV2FmTuvrEtefq4Lg$8kQJ4JB/+Y7bh6HZXeT6Yn2ekoXFrCHNqPHTGC65wYI', '$argon2i$v=19$m=4096,t=3,p=1$ZUE3x4zVjLgZxeCd8GKvgw$Y57DR4DEjquhvoIScYtjFHjixr6W3M8X2lmamewidmw', 1, 1, 1, 'VN', 18.52051660, -72.29283857, 0, 4),
	(18, 'parent_vn_b@mail.vn', '', '', '', '', '', '', '', '', NULL, NULL, 0, 'français', 0, '$argon2i$v=19$m=4096,t=3,p=1$OpIzfWV2FmTuvrEtefq4Lg$8kQJ4JB/+Y7bh6HZXeT6Yn2ekoXFrCHNqPHTGC65wYI', '$argon2i$v=19$m=4096,t=3,p=1$ZUE3x4zVjLgZxeCd8GKvgw$Y57DR4DEjquhvoIScYtjFHjixr6W3M8X2lmamewidmw', 1, 1, 1, 'VN', 18.52051660, -72.29283857, 0, 4),
	(19, 'parent_ch_a@mail.ch', '', '', '', '', '', '', '', '', NULL, NULL, 0, 'français', 0, '$argon2i$v=19$m=4096,t=3,p=1$OpIzfWV2FmTuvrEtefq4Lg$8kQJ4JB/+Y7bh6HZXeT6Yn2ekoXFrCHNqPHTGC65wYI', '$argon2i$v=19$m=4096,t=3,p=1$ZUE3x4zVjLgZxeCd8GKvgw$Y57DR4DEjquhvoIScYtjFHjixr6W3M8X2lmamewidmw', 1, 1, 2, 'CH', 18.52051660, -72.29283857, 0, 4),
	(20, 'parent_ch_b@mail.ch', '', '', '', '', '', '', '', '', NULL, NULL, 0, 'français', 0, '$argon2i$v=19$m=4096,t=3,p=1$OpIzfWV2FmTuvrEtefq4Lg$8kQJ4JB/+Y7bh6HZXeT6Yn2ekoXFrCHNqPHTGC65wYI', '$argon2i$v=19$m=4096,t=3,p=1$ZUE3x4zVjLgZxeCd8GKvgw$Y57DR4DEjquhvoIScYtjFHjixr6W3M8X2lmamewidmw', 1, 1, 2, 'CH', 18.52051660, -72.29283857, 0, 4),
	(21, 'parent_pt_a@mail.pt', '', '', '', '', '', '', '', '', NULL, NULL, 0, 'français', 0, '$argon2i$v=19$m=4096,t=3,p=1$OpIzfWV2FmTuvrEtefq4Lg$8kQJ4JB/+Y7bh6HZXeT6Yn2ekoXFrCHNqPHTGC65wYI', '$argon2i$v=19$m=4096,t=3,p=1$ZUE3x4zVjLgZxeCd8GKvgw$Y57DR4DEjquhvoIScYtjFHjixr6W3M8X2lmamewidmw', 1, 1, 2, 'PT', 18.52051660, -72.29283857, 0, 4),
	(22, 'parent_pt_b@mail.pt', '', '', '', '', '', '', '', '', NULL, NULL, 0, 'français', 0, '$argon2i$v=19$m=4096,t=3,p=1$OpIzfWV2FmTuvrEtefq4Lg$8kQJ4JB/+Y7bh6HZXeT6Yn2ekoXFrCHNqPHTGC65wYI', '$argon2i$v=19$m=4096,t=3,p=1$ZUE3x4zVjLgZxeCd8GKvgw$Y57DR4DEjquhvoIScYtjFHjixr6W3M8X2lmamewidmw', 1, 1, 2, 'PT', 18.52051660, -72.29283857, 0, 4),
	(23, 'parent_ml_a@mail.ml', '', '', '', '', '', '', '', '', NULL, NULL, 0, 'français', 0, '$argon2i$v=19$m=4096,t=3,p=1$OpIzfWV2FmTuvrEtefq4Lg$8kQJ4JB/+Y7bh6HZXeT6Yn2ekoXFrCHNqPHTGC65wYI', '$argon2i$v=19$m=4096,t=3,p=1$ZUE3x4zVjLgZxeCd8GKvgw$Y57DR4DEjquhvoIScYtjFHjixr6W3M8X2lmamewidmw', 1, 1, 3, 'ML', 18.52051660, -72.29283857, 0, 4),
	(24, 'parent_ml_b@mail.ml', '', '', '', '', '', '', '', '', NULL, NULL, 0, 'français', 0, '$argon2i$v=19$m=4096,t=3,p=1$OpIzfWV2FmTuvrEtefq4Lg$8kQJ4JB/+Y7bh6HZXeT6Yn2ekoXFrCHNqPHTGC65wYI', '$argon2i$v=19$m=4096,t=3,p=1$ZUE3x4zVjLgZxeCd8GKvgw$Y57DR4DEjquhvoIScYtjFHjixr6W3M8X2lmamewidmw', 1, 1, 3, 'ML', 18.52051660, -72.29283857, 0, 4),
	(25, 'parent_pa_a@mail.pa', '', '', '', '', '', '', '', '', NULL, NULL, 0, 'français', 0, '$argon2i$v=19$m=4096,t=3,p=1$OpIzfWV2FmTuvrEtefq4Lg$8kQJ4JB/+Y7bh6HZXeT6Yn2ekoXFrCHNqPHTGC65wYI', '$argon2i$v=19$m=4096,t=3,p=1$ZUE3x4zVjLgZxeCd8GKvgw$Y57DR4DEjquhvoIScYtjFHjixr6W3M8X2lmamewidmw', 1, 1, 3, 'PA', 18.52051660, -72.29283857, 0, 4),
	(26, 'parent_pa_b@mail.pa', '', '', '', '', '', '', '', '', NULL, NULL, 0, 'français', 0, '$argon2i$v=19$m=4096,t=3,p=1$OpIzfWV2FmTuvrEtefq4Lg$8kQJ4JB/+Y7bh6HZXeT6Yn2ekoXFrCHNqPHTGC65wYI', '$argon2i$v=19$m=4096,t=3,p=1$ZUE3x4zVjLgZxeCd8GKvgw$Y57DR4DEjquhvoIScYtjFHjixr6W3M8X2lmamewidmw', 1, 1, 3, 'PA', 18.52051660, -72.29283857, 0, 4);

-- Listage de la structure de la table village. user_feature_flags_feature_flag
CREATE TABLE IF NOT EXISTS `user_feature_flags_feature_flag` (
  `userId` int NOT NULL,
  `featureFlagId` int NOT NULL,
  PRIMARY KEY (`userId`,`featureFlagId`),
  KEY `IDX_c2f1d484510174d826ecc48c07` (`userId`),
  KEY `IDX_daba3b0a0fca8e9f9b30541dd2` (`featureFlagId`),
  CONSTRAINT `FK_c2f1d484510174d826ecc48c071` FOREIGN KEY (`userId`) REFERENCES `user` (`id`) ON DELETE CASCADE ON UPDATE CASCADE,
  CONSTRAINT `FK_daba3b0a0fca8e9f9b30541dd26` FOREIGN KEY (`featureFlagId`) REFERENCES `feature_flag` (`id`),
  CONSTRAINT `FK_featureFlag` FOREIGN KEY (`featureFlagId`) REFERENCES `feature_flag` (`id`) ON DELETE CASCADE,
  CONSTRAINT `FK_user` FOREIGN KEY (`userId`) REFERENCES `user` (`id`) ON DELETE CASCADE
) ENGINE=InnoDB DEFAULT CHARSET=utf8mb4 COLLATE=utf8mb4_unicode_ci;

-- Listage des données de la table village.user_feature_flags_feature_flag : ~12 rows (environ)
REPLACE INTO `user_feature_flags_feature_flag` (`userId`, `featureFlagId`) VALUES
	(2, 1),
	(3, 1),
	(4, 1),
	(5, 1),
	(6, 1),
	(7, 1),
	(8, 1),
	(9, 1),
	(10, 1),
	(11, 1),
	(12, 1),
	(13, 1);

-- Listage de la structure de la table village. user_to_student
CREATE TABLE IF NOT EXISTS `user_to_student` (
  `id` int NOT NULL AUTO_INCREMENT,
  `userId` int DEFAULT NULL,
  `studentId` int DEFAULT NULL,
  PRIMARY KEY (`id`),
  KEY `UserStudent_UserFK` (`userId`),
  KEY `UserStudent_StudentFK` (`studentId`),
  CONSTRAINT `UserStudent_StudentFK` FOREIGN KEY (`studentId`) REFERENCES `student` (`id`) ON DELETE CASCADE,
  CONSTRAINT `UserStudent_UserFK` FOREIGN KEY (`userId`) REFERENCES `user` (`id`) ON DELETE CASCADE
) ENGINE=InnoDB AUTO_INCREMENT=5 DEFAULT CHARSET=utf8mb4 COLLATE=utf8mb4_unicode_ci;

-- Listage des données de la table village.user_to_student : ~2 rows (environ)
REPLACE INTO `user_to_student` (`id`, `userId`, `studentId`) VALUES
	(1, 15, 1),
	(2, 15, 3),
	(3, 16, 2),
	(4, 16, 4);

-- Listage de la structure de la table village. video
CREATE TABLE IF NOT EXISTS `video` (
  `id` int NOT NULL,
  `name` varchar(64) CHARACTER SET utf8mb4 COLLATE utf8mb4_unicode_ci NOT NULL,
  `userId` int NOT NULL,
  `createDate` datetime(6) NOT NULL DEFAULT CURRENT_TIMESTAMP(6),
  PRIMARY KEY (`id`),
  KEY `FK_74e27b13f8ac66f999400df12f6` (`userId`),
  CONSTRAINT `FK_74e27b13f8ac66f999400df12f6` FOREIGN KEY (`userId`) REFERENCES `user` (`id`) ON DELETE CASCADE
) ENGINE=InnoDB DEFAULT CHARSET=utf8mb4 COLLATE=utf8mb4_unicode_ci;

-- Listage des données de la table village.video : ~0 rows (environ)

-- Listage de la structure de la table village. village
CREATE TABLE IF NOT EXISTS `village` (
  `id` int NOT NULL AUTO_INCREMENT,
  `plmId` int DEFAULT NULL,
  `name` varchar(80) CHARACTER SET utf8mb4 COLLATE utf8mb4_unicode_ci NOT NULL,
  `countryCodes` text CHARACTER SET utf8mb4 COLLATE utf8mb4_unicode_ci NOT NULL,
  `activePhase` tinyint NOT NULL DEFAULT '1',
  `anthemId` int DEFAULT NULL,
  PRIMARY KEY (`id`),
  UNIQUE KEY `REL_bb7b5bf4148f0848111511f52d` (`anthemId`),
  CONSTRAINT `FK_bb7b5bf4148f0848111511f52df` FOREIGN KEY (`anthemId`) REFERENCES `activity` (`id`) ON DELETE SET NULL
) ENGINE=InnoDB AUTO_INCREMENT=4 DEFAULT CHARSET=utf8mb4 COLLATE=utf8mb4_unicode_ci;

-- Listage des données de la table village.village : ~3 rows (environ)
REPLACE INTO `village` (`id`, `plmId`, `name`, `countryCodes`, `activePhase`, `anthemId`) VALUES
	(1, NULL, 'France - Vietnam phase.1', 'FR,VN', 1, NULL),
	(2, NULL, 'Suisse - Portugal phase.2', 'CH,PT', 2, NULL),
	(3, NULL, 'Mali - Panama phase.3', 'ML,PA', 3, NULL);

/*!40103 SET TIME_ZONE=IFNULL(@OLD_TIME_ZONE, 'system') */;
/*!40101 SET SQL_MODE=IFNULL(@OLD_SQL_MODE, '') */;
/*!40014 SET FOREIGN_KEY_CHECKS=IFNULL(@OLD_FOREIGN_KEY_CHECKS, 1) */;
/*!40101 SET CHARACTER_SET_CLIENT=@OLD_CHARACTER_SET_CLIENT */;
/*!40111 SET SQL_NOTES=IFNULL(@OLD_SQL_NOTES, 1) */;
